incident_id,date,time,equipment_id,equipment_name,category,failure_type,severity,downtime_hours,production_loss_units,root_cause,corrective_action,prevented_by_maintenance
INC-00001,2025-11-17,07:08,PAI-004,Surface Treatment Tank,paint_coating,Sensor Malfunction,Critical,5.5,1059,Software bug,Cleaned and serviced,True
INC-00002,2025-02-21,06:55,BAT-004,Cell Testing Chamber,battery_assembly,Overheating,Low,11.9,1503,External factor,Temporary fix - monitoring,True
INC-00003,2025-06-18,02:28,CHA-003,Frame Assembly Jig,chassis_welding,Software Crash,Medium,34.36,5712,Improper lubrication,Temporary fix - monitoring,True
INC-00004,2025-06-11,02:33,CHA-001,Robotic Welder Station 1-5,chassis_welding,Calibration Drift,Low,10.45,1717,Improper calibration,Component replaced,False
INC-00005,2025-09-06,11:01,BAT-003,Battery Pack Assembly Line,battery_assembly,Sensor Malfunction,Medium,26.02,2475,Power surge,Recalibrated,False
INC-00006,2025-01-15,03:09,MOT-003,Motor Testing Rig,motor_production,Sensor Malfunction,Medium,26.49,2486,Improper calibration,Component replaced,False
INC-00007,2025-08-03,07:22,FIN-003,Wire Harness Robot,final_assembly,Mechanical Failure,Low,9.67,1836,Power surge,Temporary fix - monitoring,True
INC-00008,2025-06-19,03:41,PAI-003,Drying Oven,paint_coating,Motor Failure,Critical,12.57,2205,Contamination,Temporary fix - monitoring,True
INC-00009,2025-04-08,06:05,FIN-003,Wire Harness Robot,final_assembly,Overheating,Low,9.61,1746,Overload condition,Cleaned and serviced,False
INC-00010,2025-10-19,04:49,FIN-002,Torque Tool Station,final_assembly,Mechanical Failure,Critical,0.9,154,Improper calibration,Cleaned and serviced,False
INC-00011,2025-10-28,10:34,CHA-004,Welding Quality Scanner,chassis_welding,Overheating,High,47.62,2767,Age-related degradation,System reset,False
INC-00012,2025-06-02,03:35,PAI-004,Surface Treatment Tank,paint_coating,Mechanical Failure,Medium,33.08,3755,Contamination,Software patch applied,True
INC-00013,2025-02-19,23:46,CHA-003,Frame Assembly Jig,chassis_welding,Overheating,Medium,21.81,1923,Power surge,Recalibrated,True
INC-00014,2024-12-10,09:41,FIN-003,Wire Harness Robot,final_assembly,Software Crash,Critical,19.77,1181,Normal wear and tear,Cleaned and serviced,True
INC-00015,2025-06-21,09:12,BAT-001,Battery Cell Stacker,battery_assembly,Belt/Chain Breakage,High,10.41,680,Design limitation,Recalibrated,True
INC-00016,2025-07-06,08:11,CHA-003,Frame Assembly Jig,chassis_welding,Hydraulic Leak,High,42.08,5008,Overload condition,Recalibrated,True
INC-00017,2025-09-06,09:33,CHA-001,Robotic Welder Station 1-5,chassis_welding,Calibration Drift,Medium,41.03,5252,Design limitation,Temporary fix - monitoring,False
INC-00018,2025-02-13,07:21,MOT-003,Motor Testing Rig,motor_production,Mechanical Failure,High,8.16,633,Age-related degradation,Software patch applied,False
INC-00019,2025-10-20,06:14,CHA-001,Robotic Welder Station 1-5,chassis_welding,Motor Failure,Low,19.29,1701,Improper lubrication,System reset,False
INC-00020,2025-05-13,21:45,BAT-001,Battery Cell Stacker,battery_assembly,Belt/Chain Breakage,Critical,25.57,4072,Age-related degradation,System reset,True
INC-00021,2025-11-05,23:58,BAT-003,Battery Pack Assembly Line,battery_assembly,Mechanical Failure,Medium,42.7,2349,Power surge,Component replaced,False
INC-00022,2025-03-10,04:59,MOT-001,Stator Winding Machine,motor_production,Mechanical Failure,High,31.93,2495,Design limitation,Software patch applied,False
INC-00023,2025-08-31,11:53,MOT-003,Motor Testing Rig,motor_production,Mechanical Failure,Medium,14.83,2507,Age-related degradation,Component replaced,False
INC-00024,2025-03-23,12:26,PAI-002,Powder Coating Line,paint_coating,Communication Error,Critical,26.29,2418,Overload condition,Software patch applied,False
INC-00025,2025-06-01,19:04,FIN-001,Main Assembly Line Conveyor,final_assembly,Communication Error,High,35.21,4807,Design limitation,Temporary fix - monitoring,False
INC-00026,2025-03-13,09:51,BAT-004,Cell Testing Chamber,battery_assembly,Sensor Malfunction,High,34.21,5435,Overload condition,Temporary fix - monitoring,True
INC-00027,2025-06-08,15:54,FIN-004,Quality Inspection System,final_assembly,Sensor Malfunction,Medium,24.16,3314,Age-related degradation,Cleaned and serviced,True
INC-00028,2025-08-05,03:25,BAT-003,Battery Pack Assembly Line,battery_assembly,Calibration Drift,Critical,31.25,3437,Overload condition,Recalibrated,True
INC-00029,2024-12-08,10:16,FIN-001,Main Assembly Line Conveyor,final_assembly,Electrical Fault,Low,29.15,3115,Age-related degradation,Recalibrated,False
INC-00030,2025-07-12,21:16,PAI-003,Drying Oven,paint_coating,Communication Error,High,0.77,51,Power surge,Component replaced,False
INC-00031,2025-10-16,12:22,CHA-004,Welding Quality Scanner,chassis_welding,Electrical Fault,Critical,13.34,2621,Contamination,Software patch applied,False
INC-00032,2025-09-22,11:51,CHA-001,Robotic Welder Station 1-5,chassis_welding,Hydraulic Leak,Critical,42.83,4380,Overload condition,Cleaned and serviced,True
INC-00033,2025-05-27,07:19,CHA-001,Robotic Welder Station 1-5,chassis_welding,Communication Error,Medium,20.13,1988,Software bug,Component replaced,False
INC-00034,2025-02-07,01:38,FIN-002,Torque Tool Station,final_assembly,Overheating,Medium,7.86,966,Normal wear and tear,Recalibrated,False
INC-00035,2025-07-08,21:48,PAI-002,Powder Coating Line,paint_coating,Calibration Drift,High,19.89,1244,Power surge,Cleaned and serviced,False
INC-00036,2025-03-18,08:06,MOT-003,Motor Testing Rig,motor_production,Overheating,High,37.25,3996,External factor,Software patch applied,False
INC-00037,2025-08-08,21:10,MOT-003,Motor Testing Rig,motor_production,Communication Error,High,28.39,1849,Power surge,Temporary fix - monitoring,False
INC-00038,2025-07-21,20:41,MOT-004,Magnet Insertion Robot,motor_production,Software Crash,High,45.9,6515,Design limitation,System reset,True
INC-00039,2025-11-15,14:44,BAT-003,Battery Pack Assembly Line,battery_assembly,Overheating,Critical,19.06,3485,Power surge,Software patch applied,False
INC-00040,2025-08-17,04:00,PAI-002,Powder Coating Line,paint_coating,Belt/Chain Breakage,Medium,44.05,2620,Improper lubrication,Component replaced,False
INC-00041,2025-03-30,21:35,FIN-004,Quality Inspection System,final_assembly,Software Crash,Low,12.42,1355,External factor,Software patch applied,False
INC-00042,2025-08-06,21:03,BAT-003,Battery Pack Assembly Line,battery_assembly,Electrical Fault,Critical,34.46,3495,External factor,Cleaned and serviced,False
INC-00043,2025-04-07,11:48,PAI-003,Drying Oven,paint_coating,Overheating,Low,45.74,2816,Improper lubrication,Cleaned and serviced,False
INC-00044,2025-04-23,21:50,FIN-003,Wire Harness Robot,final_assembly,Electrical Fault,High,34.6,6122,Improper calibration,Recalibrated,True
INC-00045,2024-12-31,14:19,PAI-001,Automated Paint Booth,paint_coating,Mechanical Failure,Medium,15.3,1445,Improper lubrication,System reset,True
INC-00046,2025-11-04,20:29,FIN-001,Main Assembly Line Conveyor,final_assembly,Mechanical Failure,Medium,16.13,2160,Normal wear and tear,Temporary fix - monitoring,True
INC-00047,2025-07-10,02:35,CHA-004,Welding Quality Scanner,chassis_welding,Communication Error,Medium,32.97,6498,Normal wear and tear,Component replaced,False
INC-00048,2025-02-20,03:56,FIN-003,Wire Harness Robot,final_assembly,Software Crash,Low,12.62,1657,Software bug,Recalibrated,False
INC-00049,2025-09-11,05:25,FIN-003,Wire Harness Robot,final_assembly,Hydraulic Leak,Critical,34.99,2275,Software bug,Component replaced,False
INC-00050,2024-11-25,14:53,BAT-003,Battery Pack Assembly Line,battery_assembly,Mechanical Failure,Critical,26.8,2419,Age-related degradation,Temporary fix - monitoring,False
INC-00051,2025-11-07,06:20,CHA-004,Welding Quality Scanner,chassis_welding,Overheating,Low,21.83,3287,Contamination,Recalibrated,True
INC-00052,2025-02-10,18:54,FIN-001,Main Assembly Line Conveyor,final_assembly,Motor Failure,High,11.06,1016,Design limitation,Cleaned and serviced,False
INC-00053,2025-10-05,09:48,PAI-001,Automated Paint Booth,paint_coating,Motor Failure,Critical,31.98,4928,Power surge,Component replaced,True
INC-00054,2025-02-05,01:22,BAT-003,Battery Pack Assembly Line,battery_assembly,Communication Error,Critical,11.8,2173,Overload condition,Software patch applied,True
INC-00055,2025-02-03,10:08,PAI-001,Automated Paint Booth,paint_coating,Calibration Drift,Medium,22.53,2040,Overload condition,Software patch applied,True
INC-00056,2025-03-26,01:45,BAT-004,Cell Testing Chamber,battery_assembly,Sensor Malfunction,Critical,40.69,4898,Contamination,System reset,False
INC-00057,2025-04-13,09:32,FIN-001,Main Assembly Line Conveyor,final_assembly,Belt/Chain Breakage,High,24.13,4695,Normal wear and tear,Cleaned and serviced,False
INC-00058,2025-06-19,18:39,CHA-001,Robotic Welder Station 1-5,chassis_welding,Overheating,Critical,6.1,775,Design limitation,Temporary fix - monitoring,False
INC-00059,2024-12-13,16:21,PAI-001,Automated Paint Booth,paint_coating,Motor Failure,Critical,6.31,1184,Contamination,Software patch applied,False
INC-00060,2025-09-25,09:39,FIN-001,Main Assembly Line Conveyor,final_assembly,Belt/Chain Breakage,Medium,16.31,2690,Overload condition,Cleaned and serviced,True
INC-00061,2025-03-17,19:36,BAT-002,Electrode Coating Machine,battery_assembly,Communication Error,Low,30.97,2517,Contamination,Temporary fix - monitoring,True
INC-00062,2025-08-25,03:40,MOT-004,Magnet Insertion Robot,motor_production,Sensor Malfunction,Critical,44.46,7033,Power surge,System reset,False
INC-00063,2025-06-10,23:33,MOT-003,Motor Testing Rig,motor_production,Mechanical Failure,Critical,25.92,3917,Improper calibration,Component replaced,False
INC-00064,2025-08-29,14:18,BAT-003,Battery Pack Assembly Line,battery_assembly,Calibration Drift,Low,21.08,3529,Age-related degradation,Component replaced,False
INC-00065,2025-05-12,10:27,PAI-002,Powder Coating Line,paint_coating,Calibration Drift,Critical,14.87,1236,Contamination,Temporary fix - monitoring,True
INC-00066,2025-02-28,06:58,PAI-001,Automated Paint Booth,paint_coating,Communication Error,Low,46.83,3345,Age-related degradation,System reset,True
INC-00067,2025-04-15,03:03,BAT-002,Electrode Coating Machine,battery_assembly,Hydraulic Leak,Medium,46.48,5755,External factor,Cleaned and serviced,True
INC-00068,2025-04-24,18:45,BAT-001,Battery Cell Stacker,battery_assembly,Hydraulic Leak,Critical,31.03,3870,Normal wear and tear,Component replaced,True
INC-00069,2025-03-03,22:36,MOT-004,Magnet Insertion Robot,motor_production,Hydraulic Leak,Critical,16.42,2643,Improper calibration,Temporary fix - monitoring,False
INC-00070,2025-09-22,19:08,CHA-004,Welding Quality Scanner,chassis_welding,Communication Error,Medium,0.82,144,External factor,System reset,False
INC-00071,2024-12-03,14:00,MOT-001,Stator Winding Machine,motor_production,Overheating,Medium,3.73,365,Improper calibration,Recalibrated,False
INC-00072,2025-10-25,01:59,BAT-001,Battery Cell Stacker,battery_assembly,Belt/Chain Breakage,High,26.74,4167,External factor,Temporary fix - monitoring,True
INC-00073,2025-03-16,06:55,BAT-003,Battery Pack Assembly Line,battery_assembly,Calibration Drift,Medium,29.19,3998,Power surge,Cleaned and serviced,True
INC-00074,2025-02-04,02:15,FIN-002,Torque Tool Station,final_assembly,Motor Failure,Medium,37.22,1938,Normal wear and tear,Temporary fix - monitoring,False
INC-00075,2025-03-28,13:47,MOT-003,Motor Testing Rig,motor_production,Belt/Chain Breakage,Medium,27.2,4408,Overload condition,Temporary fix - monitoring,False
INC-00076,2025-04-23,09:31,BAT-003,Battery Pack Assembly Line,battery_assembly,Calibration Drift,Low,34.67,2131,Power surge,Recalibrated,False
INC-00077,2025-10-29,16:07,BAT-003,Battery Pack Assembly Line,battery_assembly,Electrical Fault,Low,34.7,1795,External factor,Cleaned and serviced,False
INC-00078,2025-09-13,02:47,MOT-001,Stator Winding Machine,motor_production,Communication Error,Medium,9.26,1144,Design limitation,Cleaned and serviced,False
INC-00079,2025-11-21,20:41,CHA-003,Frame Assembly Jig,chassis_welding,Software Crash,Medium,32.64,1836,Normal wear and tear,Temporary fix - monitoring,False
INC-00080,2025-08-13,15:10,FIN-004,Quality Inspection System,final_assembly,Hydraulic Leak,Low,33.2,2396,Age-related degradation,Temporary fix - monitoring,False
INC-00081,2025-04-23,16:15,PAI-004,Surface Treatment Tank,paint_coating,Mechanical Failure,Critical,47.84,3042,Power surge,Recalibrated,True
INC-00082,2025-08-08,09:48,BAT-001,Battery Cell Stacker,battery_assembly,Overheating,Medium,45.46,3980,Software bug,System reset,False
INC-00083,2025-01-30,02:51,CHA-002,Spot Welding Robot,chassis_welding,Belt/Chain Breakage,High,13.17,1648,Design limitation,Recalibrated,False
INC-00084,2024-12-13,16:42,PAI-004,Surface Treatment Tank,paint_coating,Hydraulic Leak,Medium,7.88,490,External factor,Component replaced,False
INC-00085,2024-12-26,00:18,PAI-003,Drying Oven,paint_coating,Hydraulic Leak,Low,28.87,4642,Improper calibration,Cleaned and serviced,False
INC-00086,2025-03-23,00:42,MOT-002,Rotor Assembly System,motor_production,Software Crash,Low,46.55,9191,Power surge,System reset,False
INC-00087,2025-05-04,06:06,BAT-002,Electrode Coating Machine,battery_assembly,Mechanical Failure,Critical,29.33,5500,Age-related degradation,Software patch applied,False
INC-00088,2025-04-14,14:50,CHA-002,Spot Welding Robot,chassis_welding,Calibration Drift,Critical,43.04,7536,Design limitation,Cleaned and serviced,False
INC-00089,2025-11-09,20:34,BAT-003,Battery Pack Assembly Line,battery_assembly,Belt/Chain Breakage,Critical,22.78,3537,External factor,Software patch applied,True
INC-00090,2025-04-24,11:50,BAT-001,Battery Cell Stacker,battery_assembly,Motor Failure,Critical,8.58,1237,Normal wear and tear,Component replaced,False
INC-00091,2024-12-23,16:46,CHA-002,Spot Welding Robot,chassis_welding,Software Crash,Low,2.73,277,External factor,Temporary fix - monitoring,True
INC-00092,2024-12-15,03:30,MOT-003,Motor Testing Rig,motor_production,Calibration Drift,Low,18.88,2522,Software bug,Component replaced,False
INC-00093,2025-08-06,09:38,MOT-001,Stator Winding Machine,motor_production,Calibration Drift,Low,24.91,4763,Software bug,Recalibrated,False
INC-00094,2024-12-03,16:19,FIN-003,Wire Harness Robot,final_assembly,Communication Error,Low,18.24,2937,Improper lubrication,Software patch applied,False
INC-00095,2025-04-02,09:30,BAT-001,Battery Cell Stacker,battery_assembly,Hydraulic Leak,Low,6.47,1139,Design limitation,Software patch applied,False
INC-00096,2025-07-04,12:14,FIN-002,Torque Tool Station,final_assembly,Software Crash,Medium,16.24,1215,Design limitation,Recalibrated,False
INC-00097,2025-03-20,10:35,BAT-004,Cell Testing Chamber,battery_assembly,Mechanical Failure,Medium,11.46,2054,Improper lubrication,Component replaced,True
INC-00098,2025-07-23,07:52,PAI-004,Surface Treatment Tank,paint_coating,Hydraulic Leak,Medium,1.22,118,Age-related degradation,System reset,False
INC-00099,2025-07-02,21:05,BAT-001,Battery Cell Stacker,battery_assembly,Sensor Malfunction,High,8.76,1060,Normal wear and tear,Cleaned and serviced,False
INC-00100,2025-02-14,01:16,MOT-003,Motor Testing Rig,motor_production,Electrical Fault,Critical,24.61,2634,Power surge,System reset,False
INC-00101,2025-03-13,18:58,CHA-001,Robotic Welder Station 1-5,chassis_welding,Electrical Fault,High,38.91,6119,Design limitation,Cleaned and serviced,True
INC-00102,2025-05-17,23:18,CHA-002,Spot Welding Robot,chassis_welding,Calibration Drift,Critical,32.06,4613,Overload condition,System reset,True
INC-00103,2025-04-09,01:42,BAT-002,Electrode Coating Machine,battery_assembly,Sensor Malfunction,Medium,39.29,5191,Improper lubrication,Cleaned and serviced,True
INC-00104,2025-10-26,07:21,CHA-004,Welding Quality Scanner,chassis_welding,Mechanical Failure,High,24.89,4435,Contamination,System reset,False
INC-00105,2025-05-24,23:47,MOT-001,Stator Winding Machine,motor_production,Communication Error,Low,45.67,7790,Power surge,Cleaned and serviced,True
INC-00106,2025-10-22,07:28,FIN-003,Wire Harness Robot,final_assembly,Hydraulic Leak,High,40.99,3514,Improper lubrication,System reset,False
INC-00107,2025-11-12,10:25,MOT-003,Motor Testing Rig,motor_production,Motor Failure,High,25.69,2598,Normal wear and tear,System reset,True
INC-00108,2025-10-13,06:34,BAT-001,Battery Cell Stacker,battery_assembly,Overheating,High,25.74,4203,External factor,Temporary fix - monitoring,True
INC-00109,2025-09-21,05:49,PAI-003,Drying Oven,paint_coating,Overheating,Medium,18.05,1975,Improper lubrication,Cleaned and serviced,True
INC-00110,2025-09-21,03:40,CHA-004,Welding Quality Scanner,chassis_welding,Software Crash,Critical,5.22,296,Power surge,Component replaced,False
INC-00111,2025-09-18,08:01,PAI-003,Drying Oven,paint_coating,Mechanical Failure,Medium,43.47,5105,Improper calibration,Component replaced,False
INC-00112,2025-10-10,17:46,PAI-002,Powder Coating Line,paint_coating,Hydraulic Leak,Low,3.35,556,Improper calibration,System reset,False
INC-00113,2025-09-06,03:23,FIN-004,Quality Inspection System,final_assembly,Sensor Malfunction,Medium,20.94,1743,Overload condition,Cleaned and serviced,False
INC-00114,2025-03-04,04:52,CHA-003,Frame Assembly Jig,chassis_welding,Motor Failure,High,5.33,567,Age-related degradation,Temporary fix - monitoring,True
INC-00115,2024-12-02,01:08,CHA-001,Robotic Welder Station 1-5,chassis_welding,Sensor Malfunction,Low,43.14,5870,Improper calibration,Temporary fix - monitoring,False
INC-00116,2025-01-02,01:40,FIN-002,Torque Tool Station,final_assembly,Mechanical Failure,High,25.82,2007,Design limitation,Software patch applied,False
INC-00117,2024-11-27,11:41,CHA-001,Robotic Welder Station 1-5,chassis_welding,Belt/Chain Breakage,Critical,46.87,9252,Design limitation,Temporary fix - monitoring,False
INC-00118,2025-03-18,22:53,MOT-001,Stator Winding Machine,motor_production,Software Crash,Low,16.95,2893,Power surge,System reset,True
INC-00119,2025-09-16,02:24,CHA-002,Spot Welding Robot,chassis_welding,Hydraulic Leak,High,7.13,1361,Power surge,Recalibrated,False
INC-00120,2025-10-19,15:41,PAI-003,Drying Oven,paint_coating,Communication Error,Medium,28.59,3214,Overload condition,Cleaned and serviced,False
INC-00121,2024-11-23,11:47,MOT-001,Stator Winding Machine,motor_production,Belt/Chain Breakage,Low,16.93,860,Power surge,Recalibrated,False
INC-00122,2025-03-19,08:39,MOT-003,Motor Testing Rig,motor_production,Overheating,Medium,1.03,136,Software bug,Cleaned and serviced,False
INC-00123,2025-02-02,09:18,FIN-001,Main Assembly Line Conveyor,final_assembly,Hydraulic Leak,Critical,33.31,2859,Improper calibration,System reset,True
INC-00124,2025-10-09,19:01,CHA-001,Robotic Welder Station 1-5,chassis_welding,Hydraulic Leak,Medium,44.45,8758,Normal wear and tear,Cleaned and serviced,True
INC-00125,2025-03-14,03:41,BAT-001,Battery Cell Stacker,battery_assembly,Overheating,Low,29.34,1522,Software bug,Recalibrated,False
INC-00126,2025-08-23,02:54,PAI-003,Drying Oven,paint_coating,Calibration Drift,Medium,38.15,7093,Power surge,Cleaned and serviced,False
INC-00127,2025-03-20,06:19,CHA-002,Spot Welding Robot,chassis_welding,Overheating,High,45.11,8556,Improper calibration,Recalibrated,False
INC-00128,2025-08-11,17:09,BAT-001,Battery Cell Stacker,battery_assembly,Motor Failure,Medium,7.52,1092,Design limitation,Component replaced,False
INC-00129,2025-03-20,18:56,BAT-003,Battery Pack Assembly Line,battery_assembly,Sensor Malfunction,Low,45.51,6945,Design limitation,Component replaced,False
INC-00130,2025-02-02,09:24,MOT-004,Magnet Insertion Robot,motor_production,Hydraulic Leak,Low,43.7,4470,Power surge,System reset,False
INC-00131,2025-07-01,06:48,CHA-002,Spot Welding Robot,chassis_welding,Motor Failure,Critical,39.2,4570,Normal wear and tear,System reset,True
INC-00132,2025-08-16,04:30,MOT-003,Motor Testing Rig,motor_production,Mechanical Failure,Medium,11.09,1073,Power surge,System reset,True
INC-00133,2025-11-11,12:22,PAI-004,Surface Treatment Tank,paint_coating,Sensor Malfunction,Medium,14.39,1906,External factor,System reset,False
INC-00134,2025-09-03,07:46,CHA-004,Welding Quality Scanner,chassis_welding,Hydraulic Leak,Medium,44.53,3032,Design limitation,Component replaced,False
INC-00135,2025-10-18,10:47,CHA-004,Welding Quality Scanner,chassis_welding,Electrical Fault,Low,13.77,1211,Design limitation,Cleaned and serviced,False
INC-00136,2025-07-21,18:02,MOT-002,Rotor Assembly System,motor_production,Communication Error,High,11.21,1524,Power surge,Software patch applied,True
INC-00137,2025-10-15,23:12,FIN-002,Torque Tool Station,final_assembly,Software Crash,Low,37.41,3532,Normal wear and tear,Software patch applied,True
INC-00138,2025-04-15,07:13,BAT-003,Battery Pack Assembly Line,battery_assembly,Sensor Malfunction,Low,46.56,4147,Overload condition,Temporary fix - monitoring,True
INC-00139,2024-12-21,10:22,PAI-004,Surface Treatment Tank,paint_coating,Calibration Drift,High,8.52,669,Design limitation,Component replaced,False
INC-00140,2025-10-18,21:07,BAT-004,Cell Testing Chamber,battery_assembly,Motor Failure,Critical,17.29,1011,Improper calibration,Recalibrated,False
INC-00141,2025-02-02,19:53,MOT-001,Stator Winding Machine,motor_production,Calibration Drift,Medium,36.2,4058,Age-related degradation,Cleaned and serviced,False
INC-00142,2025-11-15,03:37,CHA-004,Welding Quality Scanner,chassis_welding,Mechanical Failure,High,5.49,696,Age-related degradation,Software patch applied,False
INC-00143,2025-10-23,13:22,CHA-003,Frame Assembly Jig,chassis_welding,Communication Error,High,22.0,3246,External factor,System reset,False
INC-00144,2025-07-28,07:30,BAT-001,Battery Cell Stacker,battery_assembly,Hydraulic Leak,Medium,20.9,2347,Overload condition,Recalibrated,True
INC-00145,2025-01-17,12:15,PAI-004,Surface Treatment Tank,paint_coating,Mechanical Failure,High,9.09,1134,Normal wear and tear,Cleaned and serviced,False
INC-00146,2025-03-06,05:49,FIN-001,Main Assembly Line Conveyor,final_assembly,Motor Failure,High,38.77,7308,Contamination,System reset,True
INC-00147,2024-12-24,11:44,MOT-004,Magnet Insertion Robot,motor_production,Sensor Malfunction,Critical,2.86,547,Improper calibration,Recalibrated,False
INC-00148,2025-11-05,12:25,CHA-001,Robotic Welder Station 1-5,chassis_welding,Belt/Chain Breakage,Medium,14.33,1206,Age-related degradation,Component replaced,False
INC-00149,2025-08-14,05:58,BAT-001,Battery Cell Stacker,battery_assembly,Motor Failure,Low,12.24,1699,Power surge,Component replaced,False
INC-00150,2025-11-07,19:44,MOT-003,Motor Testing Rig,motor_production,Calibration Drift,High,28.29,2601,External factor,System reset,False
