maintenance_id,date,equipment_id,equipment_name,category,maintenance_type,duration_hours,technician,parts_replaced,cost_usd,status,notes
MNT-00001,2025-10-05,PAI-001,Automated Paint Booth,paint_coating,Lubrication Service,0.86,Anna Rodriguez,Sensors,163.62,Completed,Replaced worn components
MNT-00002,2025-11-09,BAT-004,Cell Testing Chamber,battery_assembly,Calibration,2.52,Anna Rodriguez,Motors,691.46,Delayed,Routine maintenance completed
MNT-00003,2024-12-10,CHA-004,Welding Quality Scanner,chassis_welding,Electrical Inspection,4.41,Lisa Anderson,,974.91,Completed,Calibration within spec
MNT-00004,2025-04-05,MOT-002,Rotor Assembly System,motor_production,Software Update,1.84,Robert Taylor,Filters,424.06,Completed,Routine maintenance completed
MNT-00005,2025-03-16,BAT-004,Cell Testing Chamber,battery_assembly,Hydraulic System Service,3.34,Anna Rodriguez,,789.77,Delayed,Replaced worn components
MNT-00006,2025-04-22,BAT-003,Battery Pack Assembly Line,battery_assembly,Calibration,2.04,Ranganadha Gupta,Bearings,380.4,Completed,Software updated successfully
MNT-00007,2025-04-29,BAT-003,Battery Pack Assembly Line,battery_assembly,Preventive Inspection,1.59,Anna Rodriguez,Sensors,279.97,Delayed,Minor adjustments made
MNT-00008,2025-07-04,CHA-004,Welding Quality Scanner,chassis_welding,Calibration,2.43,Anna Rodriguez,Bearings,606.57,Completed,Routine maintenance completed
MNT-00009,2025-10-25,FIN-001,Main Assembly Line Conveyor,final_assembly,Hydraulic System Service,3.03,Ranganadha Gupta,Seals,594.38,Delayed,Software updated successfully
MNT-00010,2025-03-28,CHA-002,Spot Welding Robot,chassis_welding,Calibration,3.67,Sai Narasimha,Motors,1088.14,Completed,Replaced worn components
MNT-00011,2025-06-07,FIN-004,Quality Inspection System,final_assembly,Electrical Inspection,3.26,Yeshwanth Akhil,,726.29,Delayed,Software updated successfully
MNT-00012,2025-09-10,BAT-001,Battery Cell Stacker,battery_assembly,Hydraulic System Service,3.23,Ranganadha Gupta,Filters,905.62,Delayed,Calibration within spec
MNT-00013,2025-07-17,BAT-003,Battery Pack Assembly Line,battery_assembly,Preventive Inspection,2.19,Manikiran,Motors,451.47,Completed,Minor adjustments made
MNT-00014,2025-06-15,CHA-004,Welding Quality Scanner,chassis_welding,Calibration,2.64,Krishna,,669.72,Completed,Software updated successfully
MNT-00015,2025-02-01,BAT-002,Electrode Coating Machine,battery_assembly,Electrical Inspection,2.08,Lisa Anderson,Seals,452.99,Completed,Routine maintenance completed
MNT-00016,2025-04-01,BAT-002,Electrode Coating Machine,battery_assembly,Software Update,1.27,Robert Taylor,Belts,256.95,Completed,Routine maintenance completed
MNT-00017,2025-07-08,CHA-004,Welding Quality Scanner,chassis_welding,Calibration,2.99,Krishna,,643.87,Completed,Routine maintenance completed
MNT-00018,2025-05-03,PAI-003,Drying Oven,paint_coating,Electrical Inspection,3.7,Yeshwanth Akhil,Sensors,1012.71,Completed,Replaced worn components
MNT-00019,2025-07-14,MOT-003,Motor Testing Rig,motor_production,Preventive Inspection,1.24,Anna Rodriguez,Belts,227.28,Delayed,Routine maintenance completed
MNT-00020,2025-02-23,PAI-003,Drying Oven,paint_coating,Preventive Inspection,2.34,Ranganadha Gupta,Sensors,427.65,Completed,Minor adjustments made
MNT-00021,2025-10-18,MOT-004,Magnet Insertion Robot,motor_production,Safety Check,1.89,Lisa Anderson,Filters,420.3,Delayed,Calibration within spec
MNT-00022,2025-04-08,FIN-004,Quality Inspection System,final_assembly,Performance Testing,1.78,Yeshwanth Akhil,Motors,411.65,Completed,Replaced worn components
MNT-00023,2025-04-20,BAT-004,Cell Testing Chamber,battery_assembly,Electrical Inspection,2.85,Sai Narasimha,Filters,606.17,Delayed,Replaced worn components
MNT-00024,2025-10-11,PAI-004,Surface Treatment Tank,paint_coating,Software Update,1.44,Lisa Anderson,Belts,289.85,Delayed,Software updated successfully
MNT-00025,2025-06-10,CHA-004,Welding Quality Scanner,chassis_welding,Software Update,1.37,Krishna,Seals,364.03,Completed,Calibration within spec
MNT-00026,2025-03-24,FIN-003,Wire Harness Robot,final_assembly,Software Update,1.39,Lisa Anderson,,349.55,Delayed,Replaced worn components
MNT-00027,2025-02-22,MOT-001,Stator Winding Machine,motor_production,Electrical Inspection,3.47,Lisa Anderson,,981.53,Completed,Software updated successfully
MNT-00028,2025-07-25,PAI-003,Drying Oven,paint_coating,Electrical Inspection,3.18,Manikiran,Seals,600.81,Completed,Software updated successfully
MNT-00029,2025-10-27,PAI-004,Surface Treatment Tank,paint_coating,Safety Check,1.44,Robert Taylor,Motors,312.39,Completed,Software updated successfully
MNT-00030,2025-10-24,PAI-003,Drying Oven,paint_coating,Lubrication Service,1.45,Yeshwanth Akhil,,435.7,Delayed,Minor adjustments made
MNT-00031,2025-07-28,PAI-004,Surface Treatment Tank,paint_coating,Hydraulic System Service,5.85,Robert Taylor,Belts,1726.55,Delayed,Calibration within spec
MNT-00032,2025-02-18,CHA-002,Spot Welding Robot,chassis_welding,Preventive Inspection,1.66,Lisa Anderson,Filters,424.28,Completed,Calibration within spec
MNT-00033,2025-02-02,MOT-002,Rotor Assembly System,motor_production,Lubrication Service,0.91,Robert Taylor,Seals,171.35,Completed,Software updated successfully
MNT-00034,2025-05-02,PAI-001,Automated Paint Booth,paint_coating,Lubrication Service,0.85,Manikiran,Seals,137.82,Completed,Minor adjustments made
MNT-00035,2025-01-24,FIN-001,Main Assembly Line Conveyor,final_assembly,Hydraulic System Service,4.51,Sai Narasimha,Sensors,1244.68,Delayed,Software updated successfully
MNT-00036,2025-05-01,PAI-002,Powder Coating Line,paint_coating,Lubrication Service,1.42,Robert Taylor,Motors,267.12,Completed,Routine maintenance completed
MNT-00037,2024-11-28,PAI-004,Surface Treatment Tank,paint_coating,Deep Cleaning,3.13,Anna Rodriguez,,758.62,Completed,Replaced worn components
MNT-00038,2025-11-10,CHA-004,Welding Quality Scanner,chassis_welding,Calibration,2.37,Krishna,Seals,464.68,Delayed,Replaced worn components
MNT-00039,2025-02-07,CHA-003,Frame Assembly Jig,chassis_welding,Hydraulic System Service,4.08,Anna Rodriguez,Motors,910.49,Completed,Replaced worn components
MNT-00040,2025-06-03,BAT-004,Cell Testing Chamber,battery_assembly,Electrical Inspection,2.72,Krishna,Bearings,409.63,Delayed,Routine maintenance completed
MNT-00041,2025-03-10,BAT-003,Battery Pack Assembly Line,battery_assembly,Lubrication Service,1.0,Manikiran,Belts,159.06,Completed,Software updated successfully
MNT-00042,2024-12-17,FIN-001,Main Assembly Line Conveyor,final_assembly,Preventive Inspection,2.44,Ranganadha Gupta,Filters,722.91,Completed,Replaced worn components
MNT-00043,2025-07-07,CHA-004,Welding Quality Scanner,chassis_welding,Safety Check,1.25,Yeshwanth Akhil,Bearings,315.39,Completed,Minor adjustments made
MNT-00044,2024-12-25,FIN-004,Quality Inspection System,final_assembly,Component Replacement,3.64,Manikiran,Sensors,906.94,Completed,Calibration within spec
MNT-00045,2025-09-14,PAI-001,Automated Paint Booth,paint_coating,Software Update,1.62,Sai Narasimha,Sensors,304.19,Completed,Calibration within spec
MNT-00046,2025-08-12,FIN-004,Quality Inspection System,final_assembly,Safety Check,1.21,Anna Rodriguez,Seals,285.47,Completed,Replaced worn components
MNT-00047,2025-02-01,PAI-002,Powder Coating Line,paint_coating,Safety Check,1.11,Anna Rodriguez,,273.63,Completed,Replaced worn components
MNT-00048,2025-06-09,CHA-002,Spot Welding Robot,chassis_welding,Hydraulic System Service,4.58,Sai Narasimha,Sensors,924.99,Completed,Calibration within spec
MNT-00049,2024-12-05,PAI-001,Automated Paint Booth,paint_coating,Hydraulic System Service,3.89,Sai Narasimha,Motors,889.69,Delayed,Minor adjustments made
MNT-00050,2025-04-18,PAI-002,Powder Coating Line,paint_coating,Performance Testing,2.44,Anna Rodriguez,Bearings,487.56,Completed,Replaced worn components
MNT-00051,2025-06-08,CHA-002,Spot Welding Robot,chassis_welding,Component Replacement,3.41,Ranganadha Gupta,Motors,883.94,Completed,Routine maintenance completed
MNT-00052,2025-02-17,FIN-003,Wire Harness Robot,final_assembly,Safety Check,1.31,Sai Narasimha,Sensors,243.97,Completed,Routine maintenance completed
MNT-00053,2025-01-30,MOT-001,Stator Winding Machine,motor_production,Preventive Inspection,1.36,Lisa Anderson,Belts,358.26,Completed,Minor adjustments made
MNT-00054,2025-05-21,FIN-001,Main Assembly Line Conveyor,final_assembly,Lubrication Service,0.71,Sai Narasimha,Seals,160.82,Completed,Routine maintenance completed
MNT-00055,2025-10-29,PAI-001,Automated Paint Booth,paint_coating,Deep Cleaning,2.33,Sai Narasimha,,429.92,Delayed,Calibration within spec
MNT-00056,2025-05-30,PAI-004,Surface Treatment Tank,paint_coating,Lubrication Service,1.11,Yeshwanth Akhil,Bearings,292.7,Completed,Calibration within spec
MNT-00057,2025-07-22,BAT-001,Battery Cell Stacker,battery_assembly,Component Replacement,4.43,Ranganadha Gupta,Bearings,1245.51,Completed,Calibration within spec
MNT-00058,2025-04-01,PAI-003,Drying Oven,paint_coating,Electrical Inspection,2.93,Yeshwanth Akhil,,558.87,Completed,Minor adjustments made
MNT-00059,2025-03-12,MOT-001,Stator Winding Machine,motor_production,Component Replacement,5.72,Lisa Anderson,Motors,1428.67,Completed,Minor adjustments made
MNT-00060,2025-07-01,PAI-003,Drying Oven,paint_coating,Safety Check,1.24,Lisa Anderson,Sensors,323.92,Completed,Routine maintenance completed
MNT-00061,2025-06-25,FIN-004,Quality Inspection System,final_assembly,Software Update,1.76,Robert Taylor,Sensors,423.56,Completed,Minor adjustments made
MNT-00062,2025-03-06,CHA-001,Robotic Welder Station 1-5,chassis_welding,Lubrication Service,1.41,Manikiran,Bearings,355.78,Completed,Replaced worn components
MNT-00063,2025-08-04,FIN-001,Main Assembly Line Conveyor,final_assembly,Hydraulic System Service,4.56,Krishna,Belts,1186.81,Completed,Routine maintenance completed
MNT-00064,2025-08-26,PAI-004,Surface Treatment Tank,paint_coating,Lubrication Service,0.77,Lisa Anderson,Filters,129.77,Completed,Calibration within spec
MNT-00065,2024-12-20,PAI-003,Drying Oven,paint_coating,Safety Check,1.5,Krishna,Motors,364.02,Completed,Replaced worn components
MNT-00066,2025-04-23,CHA-003,Frame Assembly Jig,chassis_welding,Safety Check,1.33,Anna Rodriguez,,318.71,Completed,Minor adjustments made
MNT-00067,2025-05-31,BAT-004,Cell Testing Chamber,battery_assembly,Performance Testing,2.6,Yeshwanth Akhil,,715.42,Completed,Minor adjustments made
MNT-00068,2025-02-09,CHA-002,Spot Welding Robot,chassis_welding,Performance Testing,2.61,Robert Taylor,Bearings,515.45,Completed,Calibration within spec
MNT-00069,2025-04-16,FIN-001,Main Assembly Line Conveyor,final_assembly,Deep Cleaning,3.03,Sai Narasimha,Motors,775.88,Completed,Minor adjustments made
MNT-00070,2025-09-01,CHA-004,Welding Quality Scanner,chassis_welding,Deep Cleaning,3.01,Robert Taylor,Bearings,665.82,Completed,Calibration within spec
MNT-00071,2024-12-08,CHA-004,Welding Quality Scanner,chassis_welding,Calibration,2.98,Krishna,Filters,478.99,Completed,Minor adjustments made
MNT-00072,2024-11-24,BAT-004,Cell Testing Chamber,battery_assembly,Calibration,2.47,Krishna,Motors,660.13,Completed,Calibration within spec
MNT-00073,2025-07-01,MOT-004,Magnet Insertion Robot,motor_production,Performance Testing,2.87,Ranganadha Gupta,Sensors,813.31,Delayed,Routine maintenance completed
MNT-00074,2025-10-19,PAI-001,Automated Paint Booth,paint_coating,Hydraulic System Service,5.47,Sai Narasimha,Belts,1296.12,Completed,Software updated successfully
MNT-00075,2025-10-26,PAI-001,Automated Paint Booth,paint_coating,Software Update,1.22,Yeshwanth Akhil,Seals,304.32,Delayed,Minor adjustments made
MNT-00076,2025-09-14,MOT-003,Motor Testing Rig,motor_production,Deep Cleaning,3.58,Manikiran,Motors,628.82,Completed,Software updated successfully
MNT-00077,2024-11-23,PAI-004,Surface Treatment Tank,paint_coating,Preventive Inspection,2.92,Krishna,Bearings,455.72,Completed,Routine maintenance completed
MNT-00078,2025-03-21,CHA-004,Welding Quality Scanner,chassis_welding,Calibration,3.5,Yeshwanth Akhil,Sensors,547.26,Completed,Calibration within spec
MNT-00079,2025-08-18,BAT-002,Electrode Coating Machine,battery_assembly,Hydraulic System Service,4.59,Robert Taylor,,888.21,Delayed,Routine maintenance completed
MNT-00080,2025-01-07,BAT-001,Battery Cell Stacker,battery_assembly,Software Update,1.47,Ranganadha Gupta,Motors,338.84,Delayed,Replaced worn components
MNT-00081,2025-10-01,FIN-003,Wire Harness Robot,final_assembly,Lubrication Service,1.27,Yeshwanth Akhil,Sensors,362.52,Completed,Calibration within spec
MNT-00082,2025-05-05,PAI-002,Powder Coating Line,paint_coating,Preventive Inspection,2.47,Lisa Anderson,Filters,561.82,Delayed,Routine maintenance completed
MNT-00083,2025-07-17,MOT-002,Rotor Assembly System,motor_production,Component Replacement,3.61,Lisa Anderson,,551.6,Completed,Replaced worn components
MNT-00084,2024-11-28,CHA-003,Frame Assembly Jig,chassis_welding,Performance Testing,2.64,Krishna,Belts,774.36,Delayed,Routine maintenance completed
MNT-00085,2025-02-08,CHA-004,Welding Quality Scanner,chassis_welding,Software Update,1.91,Robert Taylor,Sensors,477.1,Completed,Replaced worn components
MNT-00086,2025-04-23,PAI-002,Powder Coating Line,paint_coating,Performance Testing,2.07,Robert Taylor,Motors,428.92,Completed,Calibration within spec
MNT-00087,2025-01-21,FIN-004,Quality Inspection System,final_assembly,Software Update,1.17,Sai Narasimha,,263.19,Completed,Routine maintenance completed
MNT-00088,2025-03-09,BAT-004,Cell Testing Chamber,battery_assembly,Safety Check,1.26,Ranganadha Gupta,Filters,274.22,Completed,Routine maintenance completed
MNT-00089,2025-03-24,PAI-004,Surface Treatment Tank,paint_coating,Electrical Inspection,4.44,Krishna,Bearings,792.0,Completed,Software updated successfully
MNT-00090,2025-03-15,MOT-004,Magnet Insertion Robot,motor_production,Safety Check,1.43,Krishna,Belts,379.13,Completed,Minor adjustments made
MNT-00091,2025-04-07,MOT-004,Magnet Insertion Robot,motor_production,Deep Cleaning,2.09,Manikiran,Filters,420.57,Delayed,Calibration within spec
MNT-00092,2025-07-15,CHA-004,Welding Quality Scanner,chassis_welding,Electrical Inspection,5.0,Robert Taylor,,1498.31,Completed,Routine maintenance completed
MNT-00093,2024-11-30,BAT-002,Electrode Coating Machine,battery_assembly,Deep Cleaning,3.2,Manikiran,Sensors,888.32,Delayed,Minor adjustments made
MNT-00094,2025-08-03,CHA-001,Robotic Welder Station 1-5,chassis_welding,Hydraulic System Service,5.26,Yeshwanth Akhil,Seals,1279.81,Completed,Replaced worn components
MNT-00095,2025-01-25,BAT-002,Electrode Coating Machine,battery_assembly,Performance Testing,2.94,Robert Taylor,Bearings,724.44,Completed,Replaced worn components
MNT-00096,2025-10-11,CHA-004,Welding Quality Scanner,chassis_welding,Deep Cleaning,3.35,Sai Narasimha,Sensors,526.88,Delayed,Replaced worn components
MNT-00097,2025-05-13,PAI-004,Surface Treatment Tank,paint_coating,Safety Check,1.33,Yeshwanth Akhil,,387.97,Completed,Software updated successfully
MNT-00098,2025-02-27,MOT-001,Stator Winding Machine,motor_production,Safety Check,1.05,Ranganadha Gupta,Seals,275.47,Completed,Calibration within spec
MNT-00099,2025-10-13,FIN-002,Torque Tool Station,final_assembly,Deep Cleaning,2.03,Manikiran,Bearings,508.56,Completed,Replaced worn components
MNT-00100,2025-08-29,BAT-004,Cell Testing Chamber,battery_assembly,Software Update,1.18,Robert Taylor,Belts,216.4,Completed,Replaced worn components
MNT-00101,2024-12-14,PAI-003,Drying Oven,paint_coating,Lubrication Service,0.97,Anna Rodriguez,Bearings,263.33,Completed,Calibration within spec
MNT-00102,2024-12-25,BAT-002,Electrode Coating Machine,battery_assembly,Preventive Inspection,1.84,Sai Narasimha,Seals,329.96,Completed,Software updated successfully
MNT-00103,2025-01-02,PAI-004,Surface Treatment Tank,paint_coating,Calibration,2.95,Sai Narasimha,Sensors,544.84,Completed,Calibration within spec
MNT-00104,2025-10-18,MOT-002,Rotor Assembly System,motor_production,Safety Check,1.47,Sai Narasimha,Filters,312.31,Completed,Replaced worn components
MNT-00105,2025-08-06,BAT-004,Cell Testing Chamber,battery_assembly,Performance Testing,2.23,Lisa Anderson,Filters,464.87,Delayed,Routine maintenance completed
MNT-00106,2025-09-01,BAT-003,Battery Pack Assembly Line,battery_assembly,Calibration,3.1,Manikiran,Belts,525.51,Completed,Calibration within spec
MNT-00107,2025-08-05,CHA-003,Frame Assembly Jig,chassis_welding,Performance Testing,1.61,Yeshwanth Akhil,,328.37,Delayed,Replaced worn components
MNT-00108,2025-03-02,MOT-004,Magnet Insertion Robot,motor_production,Performance Testing,1.4,Krishna,Sensors,410.09,Delayed,Software updated successfully
MNT-00109,2025-08-12,BAT-004,Cell Testing Chamber,battery_assembly,Performance Testing,1.24,Robert Taylor,Sensors,274.36,Delayed,Minor adjustments made
MNT-00110,2025-05-02,CHA-001,Robotic Welder Station 1-5,chassis_welding,Software Update,1.8,Ranganadha Gupta,Belts,528.62,Completed,Minor adjustments made
MNT-00111,2025-06-22,BAT-001,Battery Cell Stacker,battery_assembly,Hydraulic System Service,5.67,Krishna,Seals,1338.78,Completed,Software updated successfully
MNT-00112,2024-12-18,MOT-004,Magnet Insertion Robot,motor_production,Preventive Inspection,1.4,Sai Narasimha,Belts,383.93,Delayed,Replaced worn components
MNT-00113,2025-10-07,PAI-001,Automated Paint Booth,paint_coating,Component Replacement,4.27,Manikiran,Belts,826.11,Completed,Software updated successfully
MNT-00114,2025-05-18,FIN-001,Main Assembly Line Conveyor,final_assembly,Component Replacement,4.45,Yeshwanth Akhil,,1039.95,Completed,Calibration within spec
MNT-00115,2025-07-10,MOT-002,Rotor Assembly System,motor_production,Safety Check,1.51,Sai Narasimha,Filters,273.29,Completed,Minor adjustments made
MNT-00116,2024-12-31,FIN-001,Main Assembly Line Conveyor,final_assembly,Electrical Inspection,2.27,Manikiran,Filters,565.16,Delayed,Routine maintenance completed
MNT-00117,2024-11-24,BAT-004,Cell Testing Chamber,battery_assembly,Component Replacement,4.42,Anna Rodriguez,Motors,779.13,Completed,Calibration within spec
MNT-00118,2025-08-03,BAT-003,Battery Pack Assembly Line,battery_assembly,Software Update,1.32,Ranganadha Gupta,,347.69,Delayed,Software updated successfully
MNT-00119,2025-08-05,BAT-003,Battery Pack Assembly Line,battery_assembly,Software Update,1.64,Sai Narasimha,,247.24,Completed,Routine maintenance completed
MNT-00120,2025-03-23,MOT-004,Magnet Insertion Robot,motor_production,Preventive Inspection,2.67,Krishna,Belts,674.99,Completed,Replaced worn components
MNT-00121,2025-09-18,FIN-002,Torque Tool Station,final_assembly,Preventive Inspection,1.51,Manikiran,Belts,228.4,Completed,Software updated successfully
MNT-00122,2025-01-15,MOT-002,Rotor Assembly System,motor_production,Deep Cleaning,3.32,Manikiran,Sensors,776.4,Completed,Calibration within spec
MNT-00123,2025-02-04,PAI-004,Surface Treatment Tank,paint_coating,Software Update,1.29,Robert Taylor,Seals,317.98,Completed,Calibration within spec
MNT-00124,2025-08-13,BAT-003,Battery Pack Assembly Line,battery_assembly,Software Update,1.43,Manikiran,Seals,336.62,Completed,Minor adjustments made
MNT-00125,2025-05-08,PAI-001,Automated Paint Booth,paint_coating,Hydraulic System Service,5.28,Sai Narasimha,Belts,1037.29,Completed,Replaced worn components
MNT-00126,2025-07-15,FIN-001,Main Assembly Line Conveyor,final_assembly,Lubrication Service,1.1,Sai Narasimha,Motors,280.89,Completed,Minor adjustments made
MNT-00127,2025-01-27,FIN-001,Main Assembly Line Conveyor,final_assembly,Performance Testing,1.7,Anna Rodriguez,Sensors,285.1,Delayed,Software updated successfully
MNT-00128,2025-01-29,BAT-003,Battery Pack Assembly Line,battery_assembly,Performance Testing,1.81,Manikiran,Filters,456.15,Completed,Calibration within spec
MNT-00129,2025-11-01,PAI-003,Drying Oven,paint_coating,Preventive Inspection,2.35,Robert Taylor,Belts,529.62,Delayed,Replaced worn components
MNT-00130,2025-04-21,PAI-003,Drying Oven,paint_coating,Electrical Inspection,4.2,Anna Rodriguez,Filters,863.83,Completed,Software updated successfully
MNT-00131,2025-07-30,PAI-003,Drying Oven,paint_coating,Performance Testing,1.96,Sai Narasimha,,498.63,Delayed,Replaced worn components
MNT-00132,2025-06-19,BAT-002,Electrode Coating Machine,battery_assembly,Electrical Inspection,2.4,Yeshwanth Akhil,Motors,595.87,Delayed,Minor adjustments made
MNT-00133,2025-09-06,MOT-004,Magnet Insertion Robot,motor_production,Component Replacement,4.4,Manikiran,Belts,1168.47,Completed,Calibration within spec
MNT-00134,2025-09-04,PAI-004,Surface Treatment Tank,paint_coating,Electrical Inspection,3.21,Sai Narasimha,Filters,644.77,Completed,Software updated successfully
MNT-00135,2025-04-03,CHA-004,Welding Quality Scanner,chassis_welding,Performance Testing,1.01,Lisa Anderson,Bearings,263.09,Completed,Calibration within spec
MNT-00136,2025-01-29,MOT-003,Motor Testing Rig,motor_production,Lubrication Service,0.75,Lisa Anderson,Sensors,112.62,Delayed,Software updated successfully
MNT-00137,2025-02-14,FIN-003,Wire Harness Robot,final_assembly,Electrical Inspection,3.58,Krishna,Belts,544.45,Completed,Software updated successfully
MNT-00138,2025-05-10,CHA-004,Welding Quality Scanner,chassis_welding,Safety Check,1.4,Sai Narasimha,Sensors,368.45,Completed,Calibration within spec
MNT-00139,2025-07-03,BAT-002,Electrode Coating Machine,battery_assembly,Hydraulic System Service,5.2,Sai Narasimha,Filters,1344.88,Completed,Minor adjustments made
MNT-00140,2025-05-17,BAT-003,Battery Pack Assembly Line,battery_assembly,Software Update,1.22,Manikiran,Sensors,240.05,Delayed,Replaced worn components
MNT-00141,2024-11-22,PAI-003,Drying Oven,paint_coating,Electrical Inspection,4.91,Robert Taylor,Filters,947.51,Completed,Routine maintenance completed
MNT-00142,2025-02-10,PAI-003,Drying Oven,paint_coating,Software Update,1.61,Robert Taylor,Bearings,393.86,Completed,Minor adjustments made
MNT-00143,2025-05-31,PAI-002,Powder Coating Line,paint_coating,Preventive Inspection,2.94,Robert Taylor,Bearings,551.49,Delayed,Calibration within spec
MNT-00144,2025-04-06,MOT-002,Rotor Assembly System,motor_production,Preventive Inspection,2.01,Anna Rodriguez,,416.09,Completed,Minor adjustments made
MNT-00145,2025-01-11,MOT-001,Stator Winding Machine,motor_production,Deep Cleaning,3.75,Anna Rodriguez,,786.26,Completed,Software updated successfully
MNT-00146,2025-08-09,BAT-003,Battery Pack Assembly Line,battery_assembly,Safety Check,1.12,Ranganadha Gupta,Motors,186.48,Completed,Software updated successfully
MNT-00147,2025-09-23,FIN-003,Wire Harness Robot,final_assembly,Calibration,3.43,Manikiran,Sensors,538.14,Completed,Minor adjustments made
MNT-00148,2024-12-31,MOT-002,Rotor Assembly System,motor_production,Component Replacement,3.52,Robert Taylor,,821.91,Completed,Routine maintenance completed
MNT-00149,2025-04-29,MOT-003,Motor Testing Rig,motor_production,Performance Testing,1.22,Manikiran,Filters,351.41,Completed,Replaced worn components
MNT-00150,2025-07-26,BAT-003,Battery Pack Assembly Line,battery_assembly,Software Update,1.91,Lisa Anderson,Seals,366.63,Completed,Replaced worn components
MNT-00151,2025-02-22,BAT-003,Battery Pack Assembly Line,battery_assembly,Component Replacement,7.3,Lisa Anderson,Seals,2116.4,Completed,Calibration within spec
MNT-00152,2025-10-04,CHA-002,Spot Welding Robot,chassis_welding,Lubrication Service,0.85,Yeshwanth Akhil,,179.64,Completed,Calibration within spec
MNT-00153,2025-03-20,MOT-003,Motor Testing Rig,motor_production,Electrical Inspection,3.24,Robert Taylor,Seals,634.81,Completed,Routine maintenance completed
MNT-00154,2025-04-20,PAI-003,Drying Oven,paint_coating,Software Update,1.21,Lisa Anderson,Motors,213.84,Completed,Routine maintenance completed
MNT-00155,2025-01-04,FIN-003,Wire Harness Robot,final_assembly,Performance Testing,1.73,Anna Rodriguez,,363.06,Delayed,Calibration within spec
MNT-00156,2025-06-27,FIN-004,Quality Inspection System,final_assembly,Safety Check,1.49,Yeshwanth Akhil,Seals,362.09,Completed,Replaced worn components
MNT-00157,2025-02-05,CHA-003,Frame Assembly Jig,chassis_welding,Software Update,1.95,Robert Taylor,Seals,372.73,Completed,Replaced worn components
MNT-00158,2025-05-17,MOT-003,Motor Testing Rig,motor_production,Preventive Inspection,2.14,Yeshwanth Akhil,Seals,536.01,Completed,Software updated successfully
MNT-00159,2024-12-11,CHA-001,Robotic Welder Station 1-5,chassis_welding,Performance Testing,2.88,Ranganadha Gupta,Belts,689.73,Delayed,Replaced worn components
MNT-00160,2025-03-05,BAT-004,Cell Testing Chamber,battery_assembly,Calibration,3.84,Sai Narasimha,Seals,624.62,Completed,Minor adjustments made
MNT-00161,2025-04-13,PAI-002,Powder Coating Line,paint_coating,Component Replacement,7.83,Anna Rodriguez,Belts,1486.05,Completed,Software updated successfully
MNT-00162,2025-01-10,FIN-002,Torque Tool Station,final_assembly,Hydraulic System Service,5.4,Lisa Anderson,,1334.78,Completed,Calibration within spec
MNT-00163,2025-03-23,MOT-003,Motor Testing Rig,motor_production,Hydraulic System Service,5.03,Yeshwanth Akhil,Motors,1464.87,Delayed,Minor adjustments made
MNT-00164,2025-09-15,CHA-003,Frame Assembly Jig,chassis_welding,Component Replacement,3.67,Lisa Anderson,Filters,854.71,Completed,Routine maintenance completed
MNT-00165,2025-02-15,FIN-004,Quality Inspection System,final_assembly,Software Update,1.98,Krishna,Sensors,517.38,Completed,Routine maintenance completed
MNT-00166,2025-06-27,BAT-001,Battery Cell Stacker,battery_assembly,Calibration,3.74,Manikiran,Sensors,986.83,Completed,Software updated successfully
MNT-00167,2025-04-07,MOT-002,Rotor Assembly System,motor_production,Deep Cleaning,2.23,Manikiran,Filters,500.12,Delayed,Calibration within spec
MNT-00168,2025-11-05,BAT-004,Cell Testing Chamber,battery_assembly,Hydraulic System Service,4.31,Manikiran,,964.26,Delayed,Minor adjustments made
MNT-00169,2025-02-05,FIN-004,Quality Inspection System,final_assembly,Component Replacement,4.14,Lisa Anderson,Sensors,1232.0,Completed,Minor adjustments made
MNT-00170,2025-05-25,MOT-003,Motor Testing Rig,motor_production,Component Replacement,3.41,Lisa Anderson,Filters,702.79,Completed,Software updated successfully
MNT-00171,2025-01-30,PAI-003,Drying Oven,paint_coating,Software Update,1.98,Sai Narasimha,Motors,504.73,Completed,Routine maintenance completed
MNT-00172,2025-03-30,FIN-003,Wire Harness Robot,final_assembly,Lubrication Service,0.77,Anna Rodriguez,,166.28,Delayed,Software updated successfully
MNT-00173,2025-08-20,MOT-002,Rotor Assembly System,motor_production,Hydraulic System Service,4.61,Krishna,Seals,745.88,Completed,Calibration within spec
MNT-00174,2025-02-11,FIN-002,Torque Tool Station,final_assembly,Lubrication Service,0.9,Anna Rodriguez,,185.71,Completed,Software updated successfully
MNT-00175,2025-10-15,PAI-002,Powder Coating Line,paint_coating,Software Update,1.64,Anna Rodriguez,Bearings,418.3,Completed,Minor adjustments made
MNT-00176,2025-01-31,MOT-003,Motor Testing Rig,motor_production,Calibration,2.5,Yeshwanth Akhil,Filters,697.25,Completed,Calibration within spec
MNT-00177,2024-12-31,FIN-001,Main Assembly Line Conveyor,final_assembly,Calibration,2.68,Lisa Anderson,Bearings,443.95,Delayed,Software updated successfully
MNT-00178,2025-07-23,CHA-001,Robotic Welder Station 1-5,chassis_welding,Deep Cleaning,3.22,Anna Rodriguez,Seals,617.44,Completed,Calibration within spec
MNT-00179,2025-04-29,PAI-002,Powder Coating Line,paint_coating,Component Replacement,4.37,Lisa Anderson,Filters,705.87,Completed,Routine maintenance completed
MNT-00180,2025-11-09,PAI-001,Automated Paint Booth,paint_coating,Deep Cleaning,2.37,Krishna,Sensors,478.84,Completed,Minor adjustments made
MNT-00181,2025-04-23,CHA-001,Robotic Welder Station 1-5,chassis_welding,Software Update,1.66,Ranganadha Gupta,Belts,437.67,Completed,Routine maintenance completed
MNT-00182,2025-09-17,FIN-003,Wire Harness Robot,final_assembly,Deep Cleaning,2.64,Anna Rodriguez,Filters,397.82,Completed,Replaced worn components
MNT-00183,2025-01-29,PAI-004,Surface Treatment Tank,paint_coating,Electrical Inspection,4.35,Anna Rodriguez,,1138.55,Delayed,Calibration within spec
MNT-00184,2025-05-17,MOT-002,Rotor Assembly System,motor_production,Preventive Inspection,1.21,Krishna,Bearings,258.7,Completed,Replaced worn components
MNT-00185,2025-10-24,MOT-003,Motor Testing Rig,motor_production,Safety Check,1.44,Ranganadha Gupta,Sensors,243.58,Delayed,Minor adjustments made
MNT-00186,2025-08-13,CHA-002,Spot Welding Robot,chassis_welding,Software Update,1.58,Manikiran,Seals,268.4,Completed,Software updated successfully
MNT-00187,2024-11-23,MOT-004,Magnet Insertion Robot,motor_production,Deep Cleaning,3.5,Sai Narasimha,Motors,814.2,Completed,Software updated successfully
MNT-00188,2024-12-01,MOT-002,Rotor Assembly System,motor_production,Safety Check,1.64,Krishna,Bearings,456.39,Completed,Software updated successfully
MNT-00189,2025-05-22,MOT-001,Stator Winding Machine,motor_production,Calibration,3.25,Ranganadha Gupta,Motors,489.74,Completed,Minor adjustments made
MNT-00190,2025-11-03,CHA-004,Welding Quality Scanner,chassis_welding,Software Update,1.49,Sai Narasimha,Belts,242.01,Completed,Calibration within spec
MNT-00191,2025-01-26,FIN-003,Wire Harness Robot,final_assembly,Hydraulic System Service,5.54,Krishna,Seals,1312.58,Completed,Routine maintenance completed
MNT-00192,2025-10-31,BAT-001,Battery Cell Stacker,battery_assembly,Calibration,2.34,Krishna,Motors,560.49,Completed,Calibration within spec
MNT-00193,2025-09-09,FIN-003,Wire Harness Robot,final_assembly,Electrical Inspection,4.7,Ranganadha Gupta,Bearings,879.73,Completed,Calibration within spec
MNT-00194,2025-03-19,BAT-002,Electrode Coating Machine,battery_assembly,Calibration,3.68,Sai Narasimha,Motors,717.69,Delayed,Calibration within spec
MNT-00195,2024-11-27,BAT-002,Electrode Coating Machine,battery_assembly,Component Replacement,5.41,Anna Rodriguez,,1244.01,Completed,Routine maintenance completed
MNT-00196,2025-08-25,PAI-001,Automated Paint Booth,paint_coating,Deep Cleaning,2.3,Lisa Anderson,Motors,475.87,Completed,Routine maintenance completed
MNT-00197,2025-05-07,FIN-002,Torque Tool Station,final_assembly,Lubrication Service,1.45,Krishna,Bearings,235.19,Delayed,Calibration within spec
MNT-00198,2024-12-02,BAT-002,Electrode Coating Machine,battery_assembly,Hydraulic System Service,4.75,Ranganadha Gupta,Sensors,1224.55,Completed,Routine maintenance completed
MNT-00199,2025-07-05,BAT-004,Cell Testing Chamber,battery_assembly,Lubrication Service,0.87,Sai Narasimha,Bearings,207.32,Delayed,Replaced worn components
MNT-00200,2025-07-29,FIN-001,Main Assembly Line Conveyor,final_assembly,Component Replacement,5.36,Sai Narasimha,Motors,1363.33,Completed,Minor adjustments made
MNT-00201,2025-09-25,CHA-003,Frame Assembly Jig,chassis_welding,Hydraulic System Service,4.28,Yeshwanth Akhil,Seals,820.96,Completed,Minor adjustments made
MNT-00202,2025-11-06,FIN-003,Wire Harness Robot,final_assembly,Safety Check,1.54,Anna Rodriguez,,383.79,Completed,Replaced worn components
MNT-00203,2025-09-07,MOT-002,Rotor Assembly System,motor_production,Deep Cleaning,3.35,Lisa Anderson,Motors,965.31,Delayed,Routine maintenance completed
MNT-00204,2025-04-24,FIN-003,Wire Harness Robot,final_assembly,Safety Check,1.67,Sai Narasimha,,414.96,Delayed,Routine maintenance completed
MNT-00205,2025-01-02,FIN-004,Quality Inspection System,final_assembly,Preventive Inspection,1.46,Robert Taylor,Motors,261.09,Completed,Replaced worn components
MNT-00206,2025-02-05,FIN-004,Quality Inspection System,final_assembly,Lubrication Service,1.13,Yeshwanth Akhil,Seals,248.21,Completed,Replaced worn components
MNT-00207,2025-05-30,BAT-003,Battery Pack Assembly Line,battery_assembly,Deep Cleaning,3.07,Robert Taylor,Filters,791.81,Completed,Routine maintenance completed
MNT-00208,2025-10-28,CHA-001,Robotic Welder Station 1-5,chassis_welding,Component Replacement,5.71,Manikiran,,904.84,Completed,Replaced worn components
MNT-00209,2025-01-19,MOT-001,Stator Winding Machine,motor_production,Lubrication Service,1.34,Lisa Anderson,Sensors,342.1,Completed,Software updated successfully
MNT-00210,2025-10-06,BAT-004,Cell Testing Chamber,battery_assembly,Calibration,3.45,Lisa Anderson,,717.55,Delayed,Minor adjustments made
MNT-00211,2025-06-10,MOT-004,Magnet Insertion Robot,motor_production,Performance Testing,1.85,Ranganadha Gupta,Bearings,428.86,Completed,Minor adjustments made
MNT-00212,2025-04-05,PAI-003,Drying Oven,paint_coating,Preventive Inspection,2.98,Manikiran,Sensors,780.41,Completed,Routine maintenance completed
MNT-00213,2024-11-23,BAT-004,Cell Testing Chamber,battery_assembly,Performance Testing,1.5,Ranganadha Gupta,Motors,261.35,Completed,Minor adjustments made
MNT-00214,2025-06-05,MOT-002,Rotor Assembly System,motor_production,Deep Cleaning,3.55,Lisa Anderson,,1045.39,Completed,Software updated successfully
MNT-00215,2025-08-04,PAI-004,Surface Treatment Tank,paint_coating,Deep Cleaning,3.72,Anna Rodriguez,Sensors,593.89,Completed,Replaced worn components
MNT-00216,2025-03-23,CHA-002,Spot Welding Robot,chassis_welding,Performance Testing,2.16,Sai Narasimha,Belts,616.06,Completed,Replaced worn components
MNT-00217,2025-09-25,CHA-004,Welding Quality Scanner,chassis_welding,Software Update,1.53,Sai Narasimha,Seals,366.85,Completed,Routine maintenance completed
MNT-00218,2024-12-14,FIN-001,Main Assembly Line Conveyor,final_assembly,Hydraulic System Service,5.64,Sai Narasimha,Filters,873.58,Completed,Calibration within spec
MNT-00219,2025-08-24,FIN-004,Quality Inspection System,final_assembly,Lubrication Service,1.1,Yeshwanth Akhil,Bearings,281.49,Completed,Calibration within spec
MNT-00220,2025-09-18,PAI-004,Surface Treatment Tank,paint_coating,Calibration,2.78,Sai Narasimha,Motors,577.19,Completed,Routine maintenance completed
MNT-00221,2025-05-17,PAI-003,Drying Oven,paint_coating,Preventive Inspection,1.67,Sai Narasimha,Belts,456.54,Delayed,Replaced worn components
MNT-00222,2025-08-12,BAT-001,Battery Cell Stacker,battery_assembly,Lubrication Service,0.56,Sai Narasimha,Sensors,121.62,Completed,Calibration within spec
MNT-00223,2025-06-01,FIN-004,Quality Inspection System,final_assembly,Deep Cleaning,2.2,Lisa Anderson,Sensors,594.38,Completed,Routine maintenance completed
MNT-00224,2025-06-04,FIN-002,Torque Tool Station,final_assembly,Deep Cleaning,2.43,Ranganadha Gupta,Seals,546.37,Completed,Software updated successfully
MNT-00225,2025-09-21,MOT-003,Motor Testing Rig,motor_production,Component Replacement,3.43,Robert Taylor,Filters,701.02,Completed,Replaced worn components
MNT-00226,2025-03-26,FIN-003,Wire Harness Robot,final_assembly,Software Update,1.92,Manikiran,Motors,562.78,Completed,Calibration within spec
MNT-00227,2025-08-28,FIN-001,Main Assembly Line Conveyor,final_assembly,Electrical Inspection,4.2,Robert Taylor,Belts,633.98,Completed,Minor adjustments made
MNT-00228,2025-01-01,BAT-002,Electrode Coating Machine,battery_assembly,Hydraulic System Service,4.39,Yeshwanth Akhil,,1072.9,Delayed,Software updated successfully
MNT-00229,2025-07-16,BAT-004,Cell Testing Chamber,battery_assembly,Performance Testing,1.26,Krishna,Seals,370.51,Completed,Software updated successfully
MNT-00230,2025-01-18,FIN-002,Torque Tool Station,final_assembly,Lubrication Service,1.15,Manikiran,Bearings,295.32,Delayed,Calibration within spec
MNT-00231,2025-01-10,PAI-002,Powder Coating Line,paint_coating,Deep Cleaning,3.7,Anna Rodriguez,Sensors,858.36,Completed,Replaced worn components
MNT-00232,2025-04-04,MOT-001,Stator Winding Machine,motor_production,Performance Testing,1.94,Sai Narasimha,,518.0,Completed,Minor adjustments made
MNT-00233,2025-09-28,CHA-004,Welding Quality Scanner,chassis_welding,Safety Check,1.88,Manikiran,Bearings,371.32,Completed,Replaced worn components
MNT-00234,2025-05-19,CHA-002,Spot Welding Robot,chassis_welding,Electrical Inspection,2.9,Lisa Anderson,,864.54,Delayed,Routine maintenance completed
MNT-00235,2025-09-10,CHA-001,Robotic Welder Station 1-5,chassis_welding,Hydraulic System Service,3.05,Ranganadha Gupta,,845.09,Completed,Replaced worn components
MNT-00236,2025-10-17,CHA-002,Spot Welding Robot,chassis_welding,Software Update,1.31,Krishna,Belts,309.09,Completed,Minor adjustments made
MNT-00237,2025-06-24,BAT-004,Cell Testing Chamber,battery_assembly,Deep Cleaning,2.49,Anna Rodriguez,Motors,711.53,Completed,Software updated successfully
MNT-00238,2025-07-13,BAT-002,Electrode Coating Machine,battery_assembly,Performance Testing,1.78,Lisa Anderson,Belts,374.58,Completed,Replaced worn components
MNT-00239,2025-02-22,CHA-002,Spot Welding Robot,chassis_welding,Preventive Inspection,2.93,Lisa Anderson,Filters,546.13,Delayed,Routine maintenance completed
MNT-00240,2025-05-17,PAI-001,Automated Paint Booth,paint_coating,Electrical Inspection,2.2,Ranganadha Gupta,Seals,658.46,Completed,Calibration within spec
MNT-00241,2025-08-29,PAI-003,Drying Oven,paint_coating,Component Replacement,5.18,Robert Taylor,Belts,1030.87,Completed,Routine maintenance completed
MNT-00242,2025-01-31,FIN-003,Wire Harness Robot,final_assembly,Calibration,2.92,Robert Taylor,Filters,772.39,Completed,Minor adjustments made
MNT-00243,2025-10-17,FIN-004,Quality Inspection System,final_assembly,Component Replacement,4.79,Sai Narasimha,,1367.96,Delayed,Calibration within spec
MNT-00244,2025-06-22,MOT-002,Rotor Assembly System,motor_production,Deep Cleaning,2.67,Yeshwanth Akhil,Bearings,427.71,Delayed,Routine maintenance completed
MNT-00245,2025-05-11,MOT-003,Motor Testing Rig,motor_production,Software Update,1.94,Sai Narasimha,,530.48,Completed,Minor adjustments made
MNT-00246,2025-10-17,MOT-003,Motor Testing Rig,motor_production,Calibration,3.29,Sai Narasimha,Bearings,940.38,Completed,Minor adjustments made
MNT-00247,2025-04-11,BAT-002,Electrode Coating Machine,battery_assembly,Performance Testing,1.94,Anna Rodriguez,,381.29,Completed,Minor adjustments made
MNT-00248,2025-01-17,MOT-004,Magnet Insertion Robot,motor_production,Lubrication Service,0.84,Yeshwanth Akhil,Seals,163.2,Delayed,Minor adjustments made
MNT-00249,2025-07-14,FIN-002,Torque Tool Station,final_assembly,Deep Cleaning,2.39,Ranganadha Gupta,Sensors,396.12,Completed,Minor adjustments made
MNT-00250,2025-04-17,PAI-001,Automated Paint Booth,paint_coating,Hydraulic System Service,3.45,Robert Taylor,Seals,696.25,Completed,Software updated successfully
MNT-00251,2024-12-23,PAI-003,Drying Oven,paint_coating,Performance Testing,1.77,Yeshwanth Akhil,Belts,437.44,Completed,Minor adjustments made
MNT-00252,2025-02-11,MOT-001,Stator Winding Machine,motor_production,Lubrication Service,0.93,Sai Narasimha,Filters,277.71,Completed,Routine maintenance completed
MNT-00253,2025-02-08,FIN-001,Main Assembly Line Conveyor,final_assembly,Lubrication Service,1.33,Lisa Anderson,Seals,364.31,Delayed,Replaced worn components
MNT-00254,2025-01-28,BAT-003,Battery Pack Assembly Line,battery_assembly,Deep Cleaning,2.2,Yeshwanth Akhil,Belts,364.41,Completed,Replaced worn components
MNT-00255,2025-10-20,BAT-001,Battery Cell Stacker,battery_assembly,Lubrication Service,0.97,Ranganadha Gupta,Seals,249.08,Completed,Replaced worn components
MNT-00256,2025-07-02,PAI-004,Surface Treatment Tank,paint_coating,Performance Testing,2.86,Robert Taylor,Bearings,751.9,Completed,Minor adjustments made
MNT-00257,2025-07-10,PAI-002,Powder Coating Line,paint_coating,Lubrication Service,0.6,Krishna,,101.46,Completed,Replaced worn components
MNT-00258,2025-11-09,CHA-004,Welding Quality Scanner,chassis_welding,Safety Check,1.69,Anna Rodriguez,Seals,284.79,Delayed,Replaced worn components
MNT-00259,2025-02-17,FIN-004,Quality Inspection System,final_assembly,Component Replacement,7.97,Krishna,Bearings,1252.4,Completed,Minor adjustments made
MNT-00260,2025-03-19,MOT-001,Stator Winding Machine,motor_production,Safety Check,1.09,Ranganadha Gupta,Bearings,326.05,Completed,Minor adjustments made
MNT-00261,2025-01-03,CHA-004,Welding Quality Scanner,chassis_welding,Hydraulic System Service,4.87,Krishna,,1059.94,Completed,Routine maintenance completed
MNT-00262,2025-01-28,CHA-003,Frame Assembly Jig,chassis_welding,Hydraulic System Service,3.49,Sai Narasimha,Motors,915.86,Completed,Routine maintenance completed
MNT-00263,2025-07-20,PAI-002,Powder Coating Line,paint_coating,Performance Testing,2.26,Manikiran,Belts,381.79,Completed,Calibration within spec
MNT-00264,2024-12-29,MOT-004,Magnet Insertion Robot,motor_production,Preventive Inspection,1.16,Manikiran,,279.52,Completed,Calibration within spec
MNT-00265,2024-12-15,BAT-002,Electrode Coating Machine,battery_assembly,Deep Cleaning,2.37,Ranganadha Gupta,Sensors,684.35,Completed,Calibration within spec
MNT-00266,2025-08-21,PAI-002,Powder Coating Line,paint_coating,Performance Testing,2.42,Yeshwanth Akhil,Sensors,395.31,Completed,Minor adjustments made
MNT-00267,2025-11-07,PAI-004,Surface Treatment Tank,paint_coating,Calibration,2.27,Yeshwanth Akhil,Motors,603.79,Completed,Software updated successfully
MNT-00268,2025-02-14,BAT-001,Battery Cell Stacker,battery_assembly,Deep Cleaning,3.58,Ranganadha Gupta,Sensors,634.13,Completed,Calibration within spec
MNT-00269,2025-09-23,PAI-002,Powder Coating Line,paint_coating,Performance Testing,1.71,Robert Taylor,Seals,378.69,Completed,Minor adjustments made
MNT-00270,2025-05-20,FIN-003,Wire Harness Robot,final_assembly,Hydraulic System Service,5.86,Manikiran,Seals,1367.22,Delayed,Minor adjustments made
MNT-00271,2025-02-14,BAT-003,Battery Pack Assembly Line,battery_assembly,Software Update,1.34,Anna Rodriguez,Seals,248.99,Completed,Routine maintenance completed
MNT-00272,2024-12-08,PAI-001,Automated Paint Booth,paint_coating,Electrical Inspection,2.8,Manikiran,Sensors,757.63,Completed,Minor adjustments made
MNT-00273,2025-03-10,MOT-002,Rotor Assembly System,motor_production,Software Update,1.68,Ranganadha Gupta,Seals,411.62,Delayed,Replaced worn components
MNT-00274,2025-04-25,FIN-002,Torque Tool Station,final_assembly,Electrical Inspection,3.07,Ranganadha Gupta,Seals,765.49,Completed,Routine maintenance completed
MNT-00275,2025-02-19,CHA-001,Robotic Welder Station 1-5,chassis_welding,Lubrication Service,1.13,Manikiran,Seals,247.91,Completed,Calibration within spec
MNT-00276,2025-07-24,BAT-002,Electrode Coating Machine,battery_assembly,Lubrication Service,0.72,Manikiran,Seals,193.09,Completed,Software updated successfully
MNT-00277,2025-07-04,MOT-001,Stator Winding Machine,motor_production,Performance Testing,2.57,Manikiran,Motors,641.52,Completed,Minor adjustments made
MNT-00278,2025-05-20,FIN-004,Quality Inspection System,final_assembly,Deep Cleaning,2.53,Krishna,Seals,659.69,Completed,Minor adjustments made
MNT-00279,2025-02-17,PAI-003,Drying Oven,paint_coating,Preventive Inspection,2.65,Anna Rodriguez,Belts,712.62,Completed,Routine maintenance completed
MNT-00280,2025-11-02,FIN-004,Quality Inspection System,final_assembly,Safety Check,1.56,Yeshwanth Akhil,Seals,290.74,Delayed,Software updated successfully
MNT-00281,2025-02-11,PAI-001,Automated Paint Booth,paint_coating,Preventive Inspection,2.43,Yeshwanth Akhil,Sensors,489.53,Completed,Software updated successfully
MNT-00282,2025-10-24,BAT-003,Battery Pack Assembly Line,battery_assembly,Hydraulic System Service,5.86,Krishna,Sensors,1360.54,Completed,Software updated successfully
MNT-00283,2025-05-04,MOT-003,Motor Testing Rig,motor_production,Preventive Inspection,1.88,Ranganadha Gupta,Sensors,458.69,Completed,Replaced worn components
MNT-00284,2025-05-25,BAT-001,Battery Cell Stacker,battery_assembly,Preventive Inspection,1.78,Manikiran,Belts,299.17,Completed,Replaced worn components
MNT-00285,2025-01-28,PAI-002,Powder Coating Line,paint_coating,Safety Check,1.97,Robert Taylor,Bearings,393.94,Completed,Calibration within spec
MNT-00286,2025-02-11,PAI-001,Automated Paint Booth,paint_coating,Safety Check,1.88,Yeshwanth Akhil,Motors,331.17,Completed,Replaced worn components
MNT-00287,2025-05-25,CHA-001,Robotic Welder Station 1-5,chassis_welding,Performance Testing,2.74,Manikiran,Belts,815.5,Completed,Software updated successfully
MNT-00288,2025-07-10,FIN-004,Quality Inspection System,final_assembly,Deep Cleaning,2.41,Ranganadha Gupta,Seals,373.71,Delayed,Minor adjustments made
MNT-00289,2025-08-26,MOT-004,Magnet Insertion Robot,motor_production,Software Update,1.32,Sai Narasimha,,254.49,Completed,Minor adjustments made
MNT-00290,2024-12-28,MOT-001,Stator Winding Machine,motor_production,Hydraulic System Service,5.92,Ranganadha Gupta,Sensors,1598.82,Completed,Minor adjustments made
MNT-00291,2025-01-25,BAT-003,Battery Pack Assembly Line,battery_assembly,Preventive Inspection,2.92,Yeshwanth Akhil,,821.48,Completed,Routine maintenance completed
MNT-00292,2025-11-15,FIN-003,Wire Harness Robot,final_assembly,Calibration,3.31,Sai Narasimha,Bearings,588.06,Completed,Routine maintenance completed
MNT-00293,2025-06-27,PAI-004,Surface Treatment Tank,paint_coating,Performance Testing,2.83,Sai Narasimha,Motors,676.14,Delayed,Software updated successfully
MNT-00294,2025-11-12,MOT-003,Motor Testing Rig,motor_production,Electrical Inspection,2.48,Robert Taylor,Filters,432.67,Completed,Routine maintenance completed
MNT-00295,2025-10-28,BAT-001,Battery Cell Stacker,battery_assembly,Preventive Inspection,2.2,Anna Rodriguez,Filters,655.19,Completed,Replaced worn components
MNT-00296,2025-09-14,CHA-002,Spot Welding Robot,chassis_welding,Performance Testing,1.37,Lisa Anderson,Sensors,342.45,Completed,Routine maintenance completed
MNT-00297,2025-01-06,MOT-001,Stator Winding Machine,motor_production,Component Replacement,4.82,Sai Narasimha,,1386.07,Completed,Replaced worn components
MNT-00298,2025-03-30,MOT-004,Magnet Insertion Robot,motor_production,Component Replacement,5.16,Robert Taylor,Sensors,973.71,Completed,Calibration within spec
MNT-00299,2025-06-27,BAT-002,Electrode Coating Machine,battery_assembly,Safety Check,1.63,Ranganadha Gupta,Seals,469.74,Completed,Minor adjustments made
MNT-00300,2025-04-07,BAT-003,Battery Pack Assembly Line,battery_assembly,Electrical Inspection,2.53,Ranganadha Gupta,Motors,424.26,Completed,Calibration within spec
MNT-00301,2024-11-30,MOT-002,Rotor Assembly System,motor_production,Deep Cleaning,2.75,Krishna,,817.02,Delayed,Software updated successfully
MNT-00302,2025-05-20,CHA-003,Frame Assembly Jig,chassis_welding,Deep Cleaning,2.0,Ranganadha Gupta,Motors,416.58,Completed,Routine maintenance completed
MNT-00303,2025-08-15,CHA-004,Welding Quality Scanner,chassis_welding,Component Replacement,6.64,Krishna,Bearings,1048.99,Completed,Software updated successfully
MNT-00304,2025-03-03,FIN-003,Wire Harness Robot,final_assembly,Hydraulic System Service,3.45,Robert Taylor,Filters,894.5,Completed,Routine maintenance completed
MNT-00305,2025-06-13,BAT-001,Battery Cell Stacker,battery_assembly,Deep Cleaning,3.88,Krishna,Sensors,1099.88,Completed,Replaced worn components
MNT-00306,2025-03-01,CHA-002,Spot Welding Robot,chassis_welding,Preventive Inspection,1.63,Robert Taylor,,405.44,Completed,Routine maintenance completed
MNT-00307,2025-03-20,PAI-002,Powder Coating Line,paint_coating,Safety Check,1.02,Anna Rodriguez,Seals,250.09,Completed,Routine maintenance completed
MNT-00308,2025-10-24,BAT-002,Electrode Coating Machine,battery_assembly,Deep Cleaning,2.11,Ranganadha Gupta,Motors,521.15,Completed,Calibration within spec
MNT-00309,2025-10-01,FIN-003,Wire Harness Robot,final_assembly,Component Replacement,6.01,Manikiran,,1300.83,Completed,Software updated successfully
MNT-00310,2025-09-16,CHA-004,Welding Quality Scanner,chassis_welding,Lubrication Service,1.44,Sai Narasimha,Belts,382.38,Completed,Replaced worn components
MNT-00311,2025-04-21,MOT-002,Rotor Assembly System,motor_production,Electrical Inspection,4.27,Sai Narasimha,Seals,975.61,Completed,Replaced worn components
MNT-00312,2025-01-13,PAI-004,Surface Treatment Tank,paint_coating,Software Update,1.01,Anna Rodriguez,Filters,228.27,Completed,Routine maintenance completed
MNT-00313,2025-11-13,CHA-003,Frame Assembly Jig,chassis_welding,Performance Testing,2.22,Krishna,Sensors,609.35,Completed,Minor adjustments made
MNT-00314,2025-10-10,PAI-003,Drying Oven,paint_coating,Hydraulic System Service,3.1,Ranganadha Gupta,Belts,494.58,Completed,Replaced worn components
MNT-00315,2025-06-15,PAI-004,Surface Treatment Tank,paint_coating,Component Replacement,4.15,Ranganadha Gupta,Filters,1108.16,Completed,Replaced worn components
MNT-00316,2025-04-30,BAT-004,Cell Testing Chamber,battery_assembly,Hydraulic System Service,3.56,Ranganadha Gupta,Bearings,1043.12,Delayed,Calibration within spec
MNT-00317,2025-07-12,PAI-004,Surface Treatment Tank,paint_coating,Software Update,1.1,Anna Rodriguez,Seals,220.95,Delayed,Calibration within spec
MNT-00318,2025-09-01,PAI-003,Drying Oven,paint_coating,Deep Cleaning,3.65,Anna Rodriguez,,661.11,Delayed,Replaced worn components
MNT-00319,2025-06-12,MOT-004,Magnet Insertion Robot,motor_production,Lubrication Service,1.15,Manikiran,Filters,295.05,Completed,Software updated successfully
MNT-00320,2025-01-30,CHA-004,Welding Quality Scanner,chassis_welding,Software Update,1.07,Robert Taylor,Sensors,240.02,Delayed,Replaced worn components
MNT-00321,2025-08-28,PAI-004,Surface Treatment Tank,paint_coating,Calibration,2.63,Ranganadha Gupta,Belts,645.99,Completed,Minor adjustments made
MNT-00322,2025-01-04,CHA-003,Frame Assembly Jig,chassis_welding,Preventive Inspection,1.25,Krishna,Belts,202.06,Completed,Routine maintenance completed
MNT-00323,2025-09-09,CHA-001,Robotic Welder Station 1-5,chassis_welding,Lubrication Service,0.77,Manikiran,Belts,121.63,Completed,Routine maintenance completed
MNT-00324,2025-10-18,BAT-003,Battery Pack Assembly Line,battery_assembly,Safety Check,1.81,Manikiran,Seals,398.9,Delayed,Software updated successfully
MNT-00325,2025-01-09,PAI-002,Powder Coating Line,paint_coating,Hydraulic System Service,5.61,Krishna,Bearings,1072.05,Completed,Minor adjustments made
MNT-00326,2025-02-17,BAT-003,Battery Pack Assembly Line,battery_assembly,Software Update,1.32,Krishna,Seals,335.84,Delayed,Routine maintenance completed
MNT-00327,2024-12-03,FIN-001,Main Assembly Line Conveyor,final_assembly,Safety Check,1.04,Lisa Anderson,Filters,184.72,Completed,Minor adjustments made
MNT-00328,2025-11-11,PAI-002,Powder Coating Line,paint_coating,Software Update,1.16,Ranganadha Gupta,Belts,222.45,Delayed,Routine maintenance completed
MNT-00329,2025-06-06,MOT-002,Rotor Assembly System,motor_production,Hydraulic System Service,5.63,Ranganadha Gupta,Filters,1376.87,Delayed,Calibration within spec
MNT-00330,2025-10-07,FIN-004,Quality Inspection System,final_assembly,Calibration,3.84,Krishna,Sensors,577.42,Delayed,Minor adjustments made
MNT-00331,2025-03-21,MOT-001,Stator Winding Machine,motor_production,Lubrication Service,1.22,Anna Rodriguez,,278.79,Delayed,Minor adjustments made
MNT-00332,2025-04-24,MOT-003,Motor Testing Rig,motor_production,Software Update,1.35,Lisa Anderson,Motors,320.49,Completed,Software updated successfully
MNT-00333,2025-09-08,MOT-002,Rotor Assembly System,motor_production,Preventive Inspection,2.38,Lisa Anderson,Filters,696.67,Completed,Minor adjustments made
MNT-00334,2025-04-25,FIN-002,Torque Tool Station,final_assembly,Software Update,1.0,Anna Rodriguez,Sensors,289.02,Completed,Calibration within spec
MNT-00335,2025-10-24,MOT-001,Stator Winding Machine,motor_production,Performance Testing,2.1,Ranganadha Gupta,Sensors,602.15,Completed,Routine maintenance completed
MNT-00336,2025-07-13,CHA-002,Spot Welding Robot,chassis_welding,Hydraulic System Service,3.17,Lisa Anderson,,610.83,Completed,Minor adjustments made
MNT-00337,2025-10-11,PAI-004,Surface Treatment Tank,paint_coating,Hydraulic System Service,3.5,Sai Narasimha,Motors,994.39,Delayed,Routine maintenance completed
MNT-00338,2025-01-26,FIN-002,Torque Tool Station,final_assembly,Component Replacement,6.42,Sai Narasimha,,1103.66,Completed,Software updated successfully
MNT-00339,2025-08-22,PAI-004,Surface Treatment Tank,paint_coating,Preventive Inspection,1.84,Krishna,Belts,409.51,Completed,Calibration within spec
MNT-00340,2025-10-10,CHA-003,Frame Assembly Jig,chassis_welding,Deep Cleaning,2.41,Krishna,Bearings,580.68,Completed,Routine maintenance completed
MNT-00341,2025-08-11,MOT-001,Stator Winding Machine,motor_production,Electrical Inspection,2.31,Yeshwanth Akhil,Motors,562.64,Completed,Software updated successfully
MNT-00342,2025-02-18,MOT-003,Motor Testing Rig,motor_production,Calibration,2.46,Yeshwanth Akhil,Seals,550.56,Completed,Minor adjustments made
MNT-00343,2024-12-27,CHA-001,Robotic Welder Station 1-5,chassis_welding,Performance Testing,2.7,Manikiran,Seals,613.72,Completed,Software updated successfully
MNT-00344,2025-10-30,MOT-002,Rotor Assembly System,motor_production,Calibration,2.43,Krishna,Bearings,712.58,Completed,Calibration within spec
MNT-00345,2025-01-21,PAI-001,Automated Paint Booth,paint_coating,Hydraulic System Service,4.75,Sai Narasimha,Sensors,1029.59,Completed,Software updated successfully
MNT-00346,2025-03-01,PAI-001,Automated Paint Booth,paint_coating,Calibration,3.87,Yeshwanth Akhil,Belts,1107.98,Completed,Calibration within spec
MNT-00347,2025-11-04,CHA-003,Frame Assembly Jig,chassis_welding,Calibration,2.16,Lisa Anderson,Motors,408.49,Completed,Replaced worn components
MNT-00348,2025-01-27,PAI-003,Drying Oven,paint_coating,Calibration,2.96,Ranganadha Gupta,Sensors,760.21,Delayed,Replaced worn components
MNT-00349,2025-02-13,CHA-001,Robotic Welder Station 1-5,chassis_welding,Calibration,3.32,Anna Rodriguez,Bearings,802.28,Completed,Minor adjustments made
MNT-00350,2025-03-30,PAI-004,Surface Treatment Tank,paint_coating,Electrical Inspection,4.58,Sai Narasimha,Sensors,937.38,Completed,Calibration within spec
MNT-00351,2025-03-14,CHA-001,Robotic Welder Station 1-5,chassis_welding,Calibration,3.47,Sai Narasimha,Filters,911.38,Completed,Software updated successfully
MNT-00352,2024-11-22,MOT-004,Magnet Insertion Robot,motor_production,Safety Check,1.49,Robert Taylor,Filters,436.2,Completed,Software updated successfully
MNT-00353,2025-09-14,CHA-004,Welding Quality Scanner,chassis_welding,Electrical Inspection,3.33,Manikiran,Belts,741.47,Completed,Calibration within spec
MNT-00354,2025-03-16,MOT-004,Magnet Insertion Robot,motor_production,Component Replacement,4.66,Yeshwanth Akhil,Filters,854.81,Completed,Minor adjustments made
MNT-00355,2025-08-21,MOT-004,Magnet Insertion Robot,motor_production,Hydraulic System Service,5.74,Sai Narasimha,Seals,1112.26,Delayed,Software updated successfully
MNT-00356,2025-11-03,CHA-002,Spot Welding Robot,chassis_welding,Safety Check,1.38,Krishna,Filters,228.65,Completed,Minor adjustments made
MNT-00357,2025-07-15,BAT-002,Electrode Coating Machine,battery_assembly,Hydraulic System Service,4.9,Sai Narasimha,Sensors,848.04,Completed,Minor adjustments made
MNT-00358,2025-04-04,MOT-002,Rotor Assembly System,motor_production,Calibration,3.51,Manikiran,Motors,698.8,Delayed,Minor adjustments made
MNT-00359,2025-02-06,PAI-003,Drying Oven,paint_coating,Preventive Inspection,1.16,Sai Narasimha,,321.46,Completed,Calibration within spec
MNT-00360,2025-10-13,CHA-003,Frame Assembly Jig,chassis_welding,Deep Cleaning,2.67,Anna Rodriguez,Motors,556.42,Completed,Calibration within spec
MNT-00361,2025-05-28,MOT-004,Magnet Insertion Robot,motor_production,Lubrication Service,0.54,Ranganadha Gupta,Motors,115.58,Completed,Replaced worn components
MNT-00362,2025-09-27,FIN-004,Quality Inspection System,final_assembly,Electrical Inspection,3.69,Anna Rodriguez,,577.15,Delayed,Calibration within spec
MNT-00363,2025-08-13,PAI-004,Surface Treatment Tank,paint_coating,Electrical Inspection,2.16,Krishna,Seals,329.41,Completed,Minor adjustments made
MNT-00364,2024-11-25,BAT-001,Battery Cell Stacker,battery_assembly,Electrical Inspection,2.64,Anna Rodriguez,Motors,516.47,Completed,Replaced worn components
MNT-00365,2025-11-06,CHA-003,Frame Assembly Jig,chassis_welding,Preventive Inspection,2.99,Yeshwanth Akhil,,535.53,Completed,Software updated successfully
MNT-00366,2025-02-26,BAT-001,Battery Cell Stacker,battery_assembly,Deep Cleaning,2.54,Yeshwanth Akhil,Filters,420.99,Completed,Routine maintenance completed
MNT-00367,2025-11-20,MOT-001,Stator Winding Machine,motor_production,Hydraulic System Service,4.11,Ranganadha Gupta,Sensors,1043.92,Completed,Software updated successfully
MNT-00368,2025-08-03,FIN-002,Torque Tool Station,final_assembly,Deep Cleaning,3.13,Anna Rodriguez,Bearings,933.91,Completed,Minor adjustments made
MNT-00369,2025-01-28,FIN-003,Wire Harness Robot,final_assembly,Safety Check,1.53,Krishna,Sensors,371.06,Completed,Software updated successfully
MNT-00370,2025-06-11,FIN-002,Torque Tool Station,final_assembly,Component Replacement,7.37,Sai Narasimha,Filters,1209.76,Completed,Routine maintenance completed
MNT-00371,2025-06-28,CHA-001,Robotic Welder Station 1-5,chassis_welding,Safety Check,1.56,Sai Narasimha,Motors,447.61,Completed,Software updated successfully
MNT-00372,2025-06-07,BAT-003,Battery Pack Assembly Line,battery_assembly,Hydraulic System Service,3.2,Ranganadha Gupta,Sensors,754.8,Delayed,Calibration within spec
MNT-00373,2025-07-18,BAT-002,Electrode Coating Machine,battery_assembly,Performance Testing,2.4,Robert Taylor,Motors,700.77,Completed,Replaced worn components
MNT-00374,2025-09-17,CHA-001,Robotic Welder Station 1-5,chassis_welding,Lubrication Service,0.62,Sai Narasimha,,125.65,Completed,Replaced worn components
MNT-00375,2025-07-04,MOT-002,Rotor Assembly System,motor_production,Calibration,2.65,Yeshwanth Akhil,,749.25,Completed,Software updated successfully
MNT-00376,2025-08-17,BAT-002,Electrode Coating Machine,battery_assembly,Safety Check,1.14,Krishna,Motors,256.04,Completed,Routine maintenance completed
MNT-00377,2025-02-11,MOT-001,Stator Winding Machine,motor_production,Safety Check,1.93,Krishna,Filters,556.44,Completed,Minor adjustments made
MNT-00378,2025-11-07,BAT-004,Cell Testing Chamber,battery_assembly,Deep Cleaning,3.69,Krishna,Bearings,645.66,Completed,Routine maintenance completed
MNT-00379,2025-03-14,CHA-001,Robotic Welder Station 1-5,chassis_welding,Software Update,1.07,Yeshwanth Akhil,Sensors,222.01,Completed,Calibration within spec
MNT-00380,2025-07-03,PAI-003,Drying Oven,paint_coating,Deep Cleaning,3.59,Anna Rodriguez,Filters,774.83,Delayed,Routine maintenance completed
MNT-00381,2025-08-08,FIN-003,Wire Harness Robot,final_assembly,Software Update,1.41,Ranganadha Gupta,Filters,285.53,Completed,Calibration within spec
MNT-00382,2024-12-22,CHA-002,Spot Welding Robot,chassis_welding,Hydraulic System Service,4.14,Ranganadha Gupta,Belts,955.93,Delayed,Software updated successfully
MNT-00383,2025-07-29,FIN-001,Main Assembly Line Conveyor,final_assembly,Lubrication Service,0.93,Robert Taylor,Motors,179.43,Completed,Software updated successfully
MNT-00384,2025-09-06,MOT-001,Stator Winding Machine,motor_production,Lubrication Service,1.26,Yeshwanth Akhil,Filters,280.5,Completed,Replaced worn components
MNT-00385,2025-09-22,MOT-004,Magnet Insertion Robot,motor_production,Preventive Inspection,2.83,Manikiran,,843.99,Completed,Routine maintenance completed
MNT-00386,2025-07-25,BAT-002,Electrode Coating Machine,battery_assembly,Safety Check,1.54,Manikiran,Motors,455.82,Completed,Calibration within spec
MNT-00387,2025-07-23,MOT-003,Motor Testing Rig,motor_production,Software Update,1.07,Sai Narasimha,Bearings,247.33,Completed,Minor adjustments made
MNT-00388,2024-12-19,CHA-003,Frame Assembly Jig,chassis_welding,Electrical Inspection,2.27,Krishna,Bearings,407.38,Delayed,Replaced worn components
MNT-00389,2025-05-29,CHA-002,Spot Welding Robot,chassis_welding,Software Update,1.66,Ranganadha Gupta,Motors,336.12,Completed,Calibration within spec
MNT-00390,2025-07-06,MOT-002,Rotor Assembly System,motor_production,Electrical Inspection,4.74,Krishna,Seals,1215.35,Completed,Calibration within spec
MNT-00391,2024-12-29,PAI-003,Drying Oven,paint_coating,Safety Check,1.31,Robert Taylor,Sensors,277.06,Delayed,Calibration within spec
MNT-00392,2025-09-12,FIN-003,Wire Harness Robot,final_assembly,Software Update,1.13,Robert Taylor,,169.82,Completed,Calibration within spec
MNT-00393,2025-09-28,PAI-002,Powder Coating Line,paint_coating,Electrical Inspection,4.61,Robert Taylor,,822.86,Completed,Replaced worn components
MNT-00394,2025-03-05,FIN-004,Quality Inspection System,final_assembly,Preventive Inspection,2.09,Anna Rodriguez,Sensors,475.65,Completed,Software updated successfully
MNT-00395,2025-02-19,BAT-003,Battery Pack Assembly Line,battery_assembly,Electrical Inspection,4.95,Manikiran,Bearings,873.01,Delayed,Minor adjustments made
MNT-00396,2025-11-21,CHA-003,Frame Assembly Jig,chassis_welding,Electrical Inspection,2.33,Manikiran,,502.36,Completed,Calibration within spec
MNT-00397,2025-02-16,MOT-002,Rotor Assembly System,motor_production,Deep Cleaning,3.51,Yeshwanth Akhil,Bearings,914.55,Completed,Calibration within spec
MNT-00398,2025-08-07,MOT-001,Stator Winding Machine,motor_production,Software Update,1.29,Krishna,Motors,287.92,Completed,Software updated successfully
MNT-00399,2024-12-05,CHA-001,Robotic Welder Station 1-5,chassis_welding,Lubrication Service,1.37,Krishna,,277.8,Completed,Replaced worn components
MNT-00400,2025-02-24,MOT-004,Magnet Insertion Robot,motor_production,Preventive Inspection,2.13,Krishna,Sensors,340.93,Completed,Minor adjustments made
MNT-00401,2025-07-25,CHA-002,Spot Welding Robot,chassis_welding,Hydraulic System Service,4.19,Anna Rodriguez,Sensors,892.21,Completed,Routine maintenance completed
MNT-00402,2025-01-09,MOT-003,Motor Testing Rig,motor_production,Safety Check,1.17,Sai Narasimha,Sensors,306.24,Completed,Calibration within spec
MNT-00403,2025-01-01,CHA-004,Welding Quality Scanner,chassis_welding,Component Replacement,5.43,Ranganadha Gupta,Sensors,1537.8,Completed,Replaced worn components
MNT-00404,2025-11-21,BAT-004,Cell Testing Chamber,battery_assembly,Hydraulic System Service,5.21,Manikiran,Sensors,1167.82,Completed,Replaced worn components
MNT-00405,2025-10-06,BAT-003,Battery Pack Assembly Line,battery_assembly,Calibration,2.01,Ranganadha Gupta,Sensors,518.0,Delayed,Replaced worn components
MNT-00406,2025-08-10,MOT-004,Magnet Insertion Robot,motor_production,Deep Cleaning,2.18,Sai Narasimha,Seals,513.94,Delayed,Software updated successfully
MNT-00407,2025-11-05,CHA-002,Spot Welding Robot,chassis_welding,Deep Cleaning,3.27,Yeshwanth Akhil,Belts,937.83,Completed,Routine maintenance completed
MNT-00408,2024-12-15,BAT-004,Cell Testing Chamber,battery_assembly,Safety Check,1.36,Anna Rodriguez,Belts,240.25,Delayed,Minor adjustments made
MNT-00409,2025-05-13,MOT-001,Stator Winding Machine,motor_production,Safety Check,1.79,Lisa Anderson,,444.16,Completed,Minor adjustments made
MNT-00410,2025-10-02,CHA-003,Frame Assembly Jig,chassis_welding,Component Replacement,7.47,Krishna,Motors,2030.63,Completed,Calibration within spec
MNT-00411,2025-05-30,MOT-002,Rotor Assembly System,motor_production,Software Update,1.88,Lisa Anderson,Seals,473.1,Completed,Minor adjustments made
MNT-00412,2025-07-10,BAT-001,Battery Cell Stacker,battery_assembly,Hydraulic System Service,3.95,Ranganadha Gupta,Motors,671.28,Delayed,Calibration within spec
MNT-00413,2025-02-05,PAI-003,Drying Oven,paint_coating,Component Replacement,6.09,Anna Rodriguez,Sensors,1317.81,Completed,Software updated successfully
MNT-00414,2025-07-06,BAT-001,Battery Cell Stacker,battery_assembly,Deep Cleaning,3.79,Sai Narasimha,Filters,799.49,Delayed,Minor adjustments made
MNT-00415,2025-07-26,PAI-001,Automated Paint Booth,paint_coating,Hydraulic System Service,5.77,Sai Narasimha,Filters,876.19,Completed,Calibration within spec
MNT-00416,2025-02-15,MOT-001,Stator Winding Machine,motor_production,Hydraulic System Service,5.89,Robert Taylor,Seals,981.65,Completed,Minor adjustments made
MNT-00417,2024-12-26,PAI-001,Automated Paint Booth,paint_coating,Software Update,1.63,Ranganadha Gupta,Seals,433.83,Completed,Minor adjustments made
MNT-00418,2024-12-31,FIN-004,Quality Inspection System,final_assembly,Hydraulic System Service,4.09,Lisa Anderson,Belts,816.96,Completed,Software updated successfully
MNT-00419,2024-12-27,CHA-002,Spot Welding Robot,chassis_welding,Software Update,1.57,Yeshwanth Akhil,Motors,425.93,Completed,Calibration within spec
MNT-00420,2025-11-19,BAT-002,Electrode Coating Machine,battery_assembly,Calibration,2.27,Lisa Anderson,,542.46,Completed,Calibration within spec
MNT-00421,2025-08-09,CHA-002,Spot Welding Robot,chassis_welding,Performance Testing,1.38,Sai Narasimha,Seals,335.38,Completed,Calibration within spec
MNT-00422,2025-07-21,BAT-002,Electrode Coating Machine,battery_assembly,Preventive Inspection,2.32,Ranganadha Gupta,Bearings,624.91,Completed,Routine maintenance completed
MNT-00423,2025-05-31,PAI-004,Surface Treatment Tank,paint_coating,Hydraulic System Service,3.57,Robert Taylor,Motors,770.74,Completed,Routine maintenance completed
MNT-00424,2025-10-31,FIN-002,Torque Tool Station,final_assembly,Software Update,1.33,Manikiran,Motors,238.98,Completed,Calibration within spec
MNT-00425,2025-06-12,FIN-003,Wire Harness Robot,final_assembly,Lubrication Service,1.27,Sai Narasimha,Sensors,270.1,Delayed,Replaced worn components
MNT-00426,2025-08-06,CHA-003,Frame Assembly Jig,chassis_welding,Deep Cleaning,2.39,Anna Rodriguez,Sensors,527.77,Completed,Calibration within spec
MNT-00427,2025-08-11,PAI-002,Powder Coating Line,paint_coating,Preventive Inspection,2.25,Manikiran,Sensors,448.44,Delayed,Replaced worn components
MNT-00428,2025-11-17,CHA-002,Spot Welding Robot,chassis_welding,Safety Check,1.19,Anna Rodriguez,Belts,211.49,Delayed,Software updated successfully
MNT-00429,2025-04-20,CHA-003,Frame Assembly Jig,chassis_welding,Deep Cleaning,2.92,Anna Rodriguez,,830.96,Delayed,Routine maintenance completed
MNT-00430,2025-10-13,FIN-001,Main Assembly Line Conveyor,final_assembly,Deep Cleaning,3.48,Yeshwanth Akhil,Seals,809.1,Completed,Calibration within spec
MNT-00431,2025-03-19,CHA-002,Spot Welding Robot,chassis_welding,Calibration,3.71,Ranganadha Gupta,,948.66,Completed,Replaced worn components
MNT-00432,2025-05-26,PAI-002,Powder Coating Line,paint_coating,Calibration,2.95,Manikiran,Belts,464.49,Completed,Calibration within spec
MNT-00433,2025-06-08,MOT-002,Rotor Assembly System,motor_production,Performance Testing,2.78,Manikiran,Sensors,676.1,Completed,Replaced worn components
MNT-00434,2025-07-09,MOT-001,Stator Winding Machine,motor_production,Hydraulic System Service,3.45,Lisa Anderson,Seals,540.59,Delayed,Minor adjustments made
MNT-00435,2025-06-25,BAT-004,Cell Testing Chamber,battery_assembly,Software Update,1.93,Sai Narasimha,Filters,558.3,Delayed,Replaced worn components
MNT-00436,2025-03-03,FIN-003,Wire Harness Robot,final_assembly,Calibration,2.48,Yeshwanth Akhil,Sensors,496.02,Completed,Minor adjustments made
MNT-00437,2025-10-21,MOT-004,Magnet Insertion Robot,motor_production,Lubrication Service,0.76,Krishna,Seals,143.03,Completed,Software updated successfully
MNT-00438,2025-09-12,CHA-003,Frame Assembly Jig,chassis_welding,Calibration,3.0,Krishna,Belts,872.15,Completed,Calibration within spec
MNT-00439,2025-07-01,PAI-002,Powder Coating Line,paint_coating,Deep Cleaning,2.42,Anna Rodriguez,Belts,543.44,Completed,Routine maintenance completed
MNT-00440,2024-12-01,FIN-003,Wire Harness Robot,final_assembly,Preventive Inspection,1.3,Manikiran,,300.47,Completed,Routine maintenance completed
MNT-00441,2025-02-14,MOT-003,Motor Testing Rig,motor_production,Performance Testing,1.8,Anna Rodriguez,Sensors,498.8,Completed,Software updated successfully
MNT-00442,2025-06-16,FIN-001,Main Assembly Line Conveyor,final_assembly,Software Update,1.31,Manikiran,Filters,318.92,Completed,Calibration within spec
MNT-00443,2025-06-20,PAI-004,Surface Treatment Tank,paint_coating,Deep Cleaning,2.01,Ranganadha Gupta,Motors,561.05,Completed,Replaced worn components
MNT-00444,2025-01-03,BAT-002,Electrode Coating Machine,battery_assembly,Calibration,2.27,Manikiran,Seals,637.94,Completed,Replaced worn components
MNT-00445,2025-07-12,MOT-003,Motor Testing Rig,motor_production,Deep Cleaning,3.97,Krishna,Filters,1180.24,Completed,Software updated successfully
MNT-00446,2025-06-11,PAI-003,Drying Oven,paint_coating,Performance Testing,2.82,Ranganadha Gupta,Bearings,581.23,Completed,Minor adjustments made
MNT-00447,2024-12-03,FIN-001,Main Assembly Line Conveyor,final_assembly,Lubrication Service,1.32,Anna Rodriguez,Belts,207.62,Completed,Routine maintenance completed
MNT-00448,2025-07-15,PAI-003,Drying Oven,paint_coating,Software Update,1.31,Yeshwanth Akhil,Seals,200.15,Delayed,Replaced worn components
MNT-00449,2025-01-19,FIN-003,Wire Harness Robot,final_assembly,Safety Check,1.74,Yeshwanth Akhil,,264.0,Completed,Minor adjustments made
MNT-00450,2025-01-19,MOT-004,Magnet Insertion Robot,motor_production,Deep Cleaning,3.71,Anna Rodriguez,Filters,681.96,Completed,Routine maintenance completed
MNT-00451,2025-04-16,PAI-004,Surface Treatment Tank,paint_coating,Lubrication Service,1.14,Yeshwanth Akhil,Filters,314.15,Completed,Routine maintenance completed
MNT-00452,2025-01-14,CHA-002,Spot Welding Robot,chassis_welding,Performance Testing,1.56,Robert Taylor,Belts,405.58,Delayed,Software updated successfully
MNT-00453,2025-09-03,FIN-003,Wire Harness Robot,final_assembly,Calibration,3.84,Anna Rodriguez,Belts,684.79,Completed,Minor adjustments made
MNT-00454,2025-08-18,PAI-003,Drying Oven,paint_coating,Performance Testing,1.06,Ranganadha Gupta,Belts,289.3,Delayed,Minor adjustments made
MNT-00455,2025-05-27,CHA-004,Welding Quality Scanner,chassis_welding,Deep Cleaning,3.31,Manikiran,Bearings,985.02,Completed,Software updated successfully
MNT-00456,2025-01-01,FIN-003,Wire Harness Robot,final_assembly,Software Update,1.92,Lisa Anderson,Bearings,459.57,Completed,Minor adjustments made
MNT-00457,2025-09-12,CHA-003,Frame Assembly Jig,chassis_welding,Deep Cleaning,2.47,Robert Taylor,Seals,373.79,Completed,Software updated successfully
MNT-00458,2024-12-20,PAI-004,Surface Treatment Tank,paint_coating,Deep Cleaning,3.58,Ranganadha Gupta,Seals,872.63,Completed,Software updated successfully
MNT-00459,2025-01-11,FIN-003,Wire Harness Robot,final_assembly,Software Update,1.31,Manikiran,,348.73,Completed,Routine maintenance completed
MNT-00460,2025-08-06,MOT-003,Motor Testing Rig,motor_production,Electrical Inspection,4.0,Anna Rodriguez,,600.79,Completed,Calibration within spec
MNT-00461,2025-04-17,BAT-001,Battery Cell Stacker,battery_assembly,Calibration,2.13,Manikiran,Motors,626.0,Completed,Routine maintenance completed
MNT-00462,2025-06-17,CHA-002,Spot Welding Robot,chassis_welding,Electrical Inspection,3.46,Krishna,,762.71,Completed,Routine maintenance completed
MNT-00463,2025-04-15,FIN-001,Main Assembly Line Conveyor,final_assembly,Electrical Inspection,3.29,Lisa Anderson,Belts,642.29,Completed,Calibration within spec
MNT-00464,2025-06-05,FIN-001,Main Assembly Line Conveyor,final_assembly,Calibration,2.37,Lisa Anderson,Motors,573.9,Completed,Replaced worn components
MNT-00465,2025-07-14,BAT-004,Cell Testing Chamber,battery_assembly,Lubrication Service,0.52,Robert Taylor,Filters,152.47,Completed,Software updated successfully
MNT-00466,2025-10-04,MOT-001,Stator Winding Machine,motor_production,Component Replacement,6.49,Robert Taylor,Motors,1760.41,Completed,Calibration within spec
MNT-00467,2025-06-03,BAT-001,Battery Cell Stacker,battery_assembly,Software Update,1.68,Krishna,Belts,414.71,Completed,Replaced worn components
MNT-00468,2025-02-25,FIN-001,Main Assembly Line Conveyor,final_assembly,Electrical Inspection,3.9,Lisa Anderson,,921.39,Delayed,Replaced worn components
MNT-00469,2024-12-18,MOT-001,Stator Winding Machine,motor_production,Software Update,1.46,Ranganadha Gupta,Sensors,224.79,Completed,Routine maintenance completed
MNT-00470,2025-06-09,PAI-003,Drying Oven,paint_coating,Calibration,2.92,Krishna,Seals,547.72,Completed,Minor adjustments made
MNT-00471,2025-02-09,FIN-002,Torque Tool Station,final_assembly,Safety Check,1.84,Yeshwanth Akhil,Bearings,361.23,Delayed,Minor adjustments made
MNT-00472,2025-05-12,MOT-001,Stator Winding Machine,motor_production,Preventive Inspection,1.85,Ranganadha Gupta,Sensors,495.49,Completed,Calibration within spec
MNT-00473,2025-11-04,MOT-004,Magnet Insertion Robot,motor_production,Calibration,3.79,Sai Narasimha,,700.47,Completed,Calibration within spec
MNT-00474,2025-06-26,CHA-001,Robotic Welder Station 1-5,chassis_welding,Safety Check,1.36,Sai Narasimha,Bearings,363.79,Completed,Software updated successfully
MNT-00475,2025-04-21,CHA-003,Frame Assembly Jig,chassis_welding,Lubrication Service,1.04,Sai Narasimha,Bearings,264.81,Delayed,Routine maintenance completed
MNT-00476,2025-01-21,BAT-002,Electrode Coating Machine,battery_assembly,Preventive Inspection,1.55,Yeshwanth Akhil,,295.85,Completed,Routine maintenance completed
MNT-00477,2025-08-24,FIN-003,Wire Harness Robot,final_assembly,Preventive Inspection,2.64,Yeshwanth Akhil,Motors,627.5,Completed,Routine maintenance completed
MNT-00478,2025-06-18,FIN-003,Wire Harness Robot,final_assembly,Preventive Inspection,1.11,Anna Rodriguez,Filters,254.51,Completed,Software updated successfully
MNT-00479,2025-05-31,PAI-001,Automated Paint Booth,paint_coating,Deep Cleaning,3.04,Krishna,Seals,594.8,Completed,Calibration within spec
MNT-00480,2025-06-08,PAI-003,Drying Oven,paint_coating,Electrical Inspection,3.06,Robert Taylor,Motors,612.03,Completed,Replaced worn components
MNT-00481,2025-09-14,MOT-001,Stator Winding Machine,motor_production,Calibration,2.99,Manikiran,Sensors,601.27,Completed,Minor adjustments made
MNT-00482,2025-01-26,CHA-004,Welding Quality Scanner,chassis_welding,Performance Testing,2.65,Ranganadha Gupta,Bearings,521.47,Completed,Minor adjustments made
MNT-00483,2025-06-26,BAT-003,Battery Pack Assembly Line,battery_assembly,Performance Testing,1.12,Lisa Anderson,Bearings,328.27,Completed,Software updated successfully
MNT-00484,2025-04-10,BAT-004,Cell Testing Chamber,battery_assembly,Hydraulic System Service,4.64,Ranganadha Gupta,Bearings,749.1,Completed,Minor adjustments made
MNT-00485,2025-07-12,CHA-003,Frame Assembly Jig,chassis_welding,Safety Check,1.45,Krishna,Seals,265.33,Completed,Replaced worn components
MNT-00486,2025-03-26,FIN-003,Wire Harness Robot,final_assembly,Electrical Inspection,3.15,Robert Taylor,Bearings,928.54,Completed,Routine maintenance completed
MNT-00487,2025-05-13,PAI-004,Surface Treatment Tank,paint_coating,Deep Cleaning,2.41,Yeshwanth Akhil,Belts,625.4,Completed,Calibration within spec
MNT-00488,2025-10-19,PAI-003,Drying Oven,paint_coating,Performance Testing,1.44,Robert Taylor,Seals,403.33,Completed,Software updated successfully
MNT-00489,2025-07-11,MOT-001,Stator Winding Machine,motor_production,Performance Testing,2.98,Robert Taylor,Motors,581.61,Completed,Replaced worn components
MNT-00490,2025-09-08,FIN-002,Torque Tool Station,final_assembly,Safety Check,1.22,Yeshwanth Akhil,Belts,188.08,Delayed,Software updated successfully
MNT-00491,2025-08-18,CHA-003,Frame Assembly Jig,chassis_welding,Lubrication Service,1.42,Ranganadha Gupta,Belts,355.5,Completed,Software updated successfully
MNT-00492,2025-11-19,FIN-001,Main Assembly Line Conveyor,final_assembly,Component Replacement,5.04,Manikiran,Sensors,1109.66,Completed,Calibration within spec
MNT-00493,2024-12-03,CHA-003,Frame Assembly Jig,chassis_welding,Deep Cleaning,2.79,Lisa Anderson,Motors,460.26,Completed,Replaced worn components
MNT-00494,2024-12-13,BAT-004,Cell Testing Chamber,battery_assembly,Safety Check,1.93,Manikiran,Sensors,523.24,Delayed,Software updated successfully
MNT-00495,2025-01-13,PAI-001,Automated Paint Booth,paint_coating,Lubrication Service,0.87,Sai Narasimha,,199.88,Delayed,Routine maintenance completed
MNT-00496,2025-07-03,FIN-001,Main Assembly Line Conveyor,final_assembly,Calibration,3.19,Manikiran,Belts,909.68,Completed,Calibration within spec
MNT-00497,2025-03-10,FIN-001,Main Assembly Line Conveyor,final_assembly,Lubrication Service,0.86,Ranganadha Gupta,Bearings,180.55,Completed,Calibration within spec
MNT-00498,2025-05-31,BAT-002,Electrode Coating Machine,battery_assembly,Lubrication Service,1.28,Anna Rodriguez,Filters,269.12,Completed,Replaced worn components
MNT-00499,2025-03-27,CHA-001,Robotic Welder Station 1-5,chassis_welding,Deep Cleaning,3.53,Krishna,Belts,981.24,Completed,Software updated successfully
MNT-00500,2025-11-19,CHA-002,Spot Welding Robot,chassis_welding,Safety Check,1.08,Krishna,Belts,281.88,Completed,Minor adjustments made
