date,day_of_week,shift_1_target,shift_2_target,shift_3_target,total_daily_target,primary_model,production_priority,planned_maintenance_window
2025-11-21,Friday,62,71,44,178,EV Sports Model E,Rush Order,
2025-11-22,Saturday,67,77,48,193,EV Truck Model D,Normal,
2025-11-23,Sunday,57,65,40,163,EV Compact Model C,High,22:00-06:00
2025-11-24,Monday,59,67,42,169,EV Truck Model D,Normal,
2025-11-25,Tuesday,70,80,50,202,EV Truck Model D,Normal,22:00-06:00
2025-11-26,Wednesday,29,33,20,83,EV Sports Model E,Rush Order,
2025-11-27,Thursday,31,36,22,91,EV SUV Model B,High,
2025-11-28,Friday,85,97,61,244,EV Truck Model D,Normal,
2025-11-29,Saturday,56,64,40,161,EV SUV Model B,High,
2025-11-30,Sunday,55,63,39,158,EV Sports Model E,Normal,22:00-06:00
2025-12-01,Monday,70,80,50,202,EV Truck Model D,High,
2025-12-02,Tuesday,62,71,44,178,EV SUV Model B,Normal,22:00-06:00
2025-12-03,Wednesday,19,22,14,57,EV Truck Model D,Rush Order,
2025-12-04,Thursday,34,39,24,99,EV Truck Model D,High,
2025-12-05,Friday,78,90,56,225,EV Compact Model C,Normal,
2025-12-06,Saturday,65,75,47,188,EV Compact Model C,High,
2025-12-07,Sunday,73,84,52,211,EV SUV Model B,Normal,22:00-06:00
2025-12-08,Monday,86,99,62,248,EV Compact Model C,High,
2025-12-09,Tuesday,62,71,44,178,EV SUV Model B,High,22:00-06:00
2025-12-10,Wednesday,33,38,24,96,EV Truck Model D,Rush Order,
2025-12-11,Thursday,35,40,25,100,EV Truck Model D,Rush Order,
2025-12-12,Friday,56,64,40,162,EV Truck Model D,Normal,
2025-12-13,Saturday,72,83,52,208,EV Truck Model D,Normal,
2025-12-14,Sunday,64,73,46,184,EV SUV Model B,Rush Order,22:00-06:00
2025-12-15,Monday,70,80,50,202,EV Sedan Model A,High,
2025-12-16,Tuesday,62,71,44,178,EV Sedan Model A,Normal,22:00-06:00
2025-12-17,Wednesday,27,31,19,79,EV Sports Model E,Rush Order,
2025-12-18,Thursday,21,24,15,61,EV SUV Model B,Rush Order,
2025-12-19,Friday,61,70,44,177,EV Sports Model E,Rush Order,
2025-12-20,Saturday,55,63,39,159,EV Truck Model D,Rush Order,
2025-12-21,Sunday,74,84,53,212,EV SUV Model B,Rush Order,22:00-06:00
2025-12-22,Monday,80,92,57,230,EV Compact Model C,High,
2025-12-23,Tuesday,62,71,44,178,EV Sports Model E,Normal,22:00-06:00
2025-12-24,Wednesday,18,21,13,54,EV Sedan Model A,Rush Order,
2025-12-25,Thursday,27,31,19,79,EV Sports Model E,Normal,
2025-12-26,Friday,85,97,61,244,EV Truck Model D,Normal,
2025-12-27,Saturday,69,79,49,199,EV Sports Model E,Rush Order,
2025-12-28,Sunday,73,84,52,211,EV Truck Model D,Normal,22:00-06:00
2025-12-29,Monday,67,76,48,192,EV Sedan Model A,Normal,
2025-12-30,Tuesday,68,78,48,195,EV Sports Model E,High,22:00-06:00
2025-12-31,Wednesday,22,25,15,63,EV Compact Model C,High,
2026-01-01,Thursday,34,39,24,99,EV Truck Model D,Rush Order,
2026-01-02,Friday,67,77,48,193,EV Sedan Model A,Normal,
2026-01-03,Saturday,80,91,57,229,EV Compact Model C,High,
2026-01-04,Sunday,79,91,57,228,EV Compact Model C,High,22:00-06:00
2026-01-05,Monday,86,98,61,246,EV Sports Model E,Normal,
2026-01-06,Tuesday,78,89,56,224,EV SUV Model B,Rush Order,22:00-06:00
2026-01-07,Wednesday,26,30,18,75,EV Sedan Model A,High,
2026-01-08,Thursday,26,30,19,76,EV SUV Model B,Rush Order,
2026-01-09,Friday,83,95,59,239,EV Sports Model E,Normal,
2026-01-10,Saturday,76,87,54,219,EV Truck Model D,Rush Order,
2026-01-11,Sunday,58,66,41,166,EV Sports Model E,High,22:00-06:00
2026-01-12,Monday,76,87,54,219,EV Truck Model D,Normal,
2026-01-13,Tuesday,81,92,58,232,EV Truck Model D,Rush Order,22:00-06:00
2026-01-14,Wednesday,33,38,24,97,EV Truck Model D,High,
2026-01-15,Thursday,26,30,19,77,EV SUV Model B,Rush Order,
2026-01-16,Friday,69,79,49,198,EV Truck Model D,Normal,
2026-01-17,Saturday,68,78,49,197,EV SUV Model B,High,
2026-01-18,Sunday,62,72,45,180,EV Truck Model D,Normal,22:00-06:00
2026-01-19,Monday,53,60,38,152,EV Truck Model D,High,
2026-01-20,Tuesday,68,78,49,197,EV Sedan Model A,High,22:00-06:00
2026-01-21,Wednesday,17,20,12,50,EV Sports Model E,High,
2026-01-22,Thursday,19,22,14,57,EV SUV Model B,Rush Order,
2026-01-23,Friday,62,71,44,179,EV Sports Model E,Rush Order,
2026-01-24,Saturday,54,62,39,156,EV Sedan Model A,Normal,
2026-01-25,Sunday,72,83,52,208,EV Compact Model C,Normal,22:00-06:00
2026-01-26,Monday,76,87,54,219,EV SUV Model B,Normal,
2026-01-27,Tuesday,81,92,58,232,EV Truck Model D,Rush Order,22:00-06:00
2026-01-28,Wednesday,17,20,12,50,EV Truck Model D,High,
2026-01-29,Thursday,31,36,22,91,EV Sports Model E,Rush Order,
2026-01-30,Friday,74,85,53,214,EV Sports Model E,Rush Order,
2026-01-31,Saturday,70,80,50,201,EV Sedan Model A,Rush Order,
2026-02-01,Sunday,60,68,43,172,EV Compact Model C,High,22:00-06:00
2026-02-02,Monday,84,96,60,240,EV Sedan Model A,High,
2026-02-03,Tuesday,71,81,51,204,EV Compact Model C,Normal,22:00-06:00
2026-02-04,Wednesday,21,24,15,60,EV Sports Model E,Rush Order,
2026-02-05,Thursday,17,20,12,50,EV SUV Model B,Rush Order,
2026-02-06,Friday,53,61,38,153,EV SUV Model B,Normal,
2026-02-07,Saturday,60,68,43,172,EV Compact Model C,High,
2026-02-08,Sunday,69,79,49,199,EV Truck Model D,Normal,22:00-06:00
2026-02-09,Monday,83,95,59,239,EV Truck Model D,High,
2026-02-10,Tuesday,56,64,40,161,EV Truck Model D,Rush Order,22:00-06:00
2026-02-11,Wednesday,25,29,18,73,EV Sports Model E,High,
2026-02-12,Thursday,26,30,18,75,EV Truck Model D,Normal,
