technician_name,skill_level,specialty,hourly_rate,max_hours_per_week,available_shifts
Sai Narasimha,Senior,Mechanical,55,40,Day/Evening
Sai Narasimha,Senior,Hydraulic,61,40,All
Manikiran,Expert,Electrical,59,40,All
Manikiran,Expert,Software,74,40,Evening/Night
Krishna,Senior,Mechanical,42,40,All
Krishna,Senior,Calibration,66,40,All
Yeshwanth Akhil,Mid-Level,Electrical,42,40,Evening/Night
Yeshwanth Akhil,Mid-Level,Safety,63,40,Day/Evening
Ranganadha Gupta,Expert,Software,41,40,Evening/Night
Ranganadha Gupta,Expert,Calibration,76,40,Evening/Night
Lisa Anderson,Senior,Mechanical,37,40,All
Lisa Anderson,Senior,Hydraulic,55,40,Evening/Night
Robert Taylor,Mid-Level,Electrical,34,40,Day/Evening
Robert Taylor,Mid-Level,General,55,40,Day/Evening
Anna Rodriguez,Senior,Mechanical,66,40,Evening/Night
Anna Rodriguez,Senior,Electrical,53,40,Day/Evening
